name,city,province,latitude,longitude,categories,primaryCategories,review_count,avg_rating
Rancho Valencia Resort Spa,Rancho Santa Fe,CA,32.990959,-117.186136,"Hotels,Hotels and motels,Hotel and motel reservations,Resorts,Resort,Hotel",Accommodation & Food Services,3,5.0
Aloft Arundel Mills,Hanover,MD,39.155929,-76.716341,"Hotels,Hotels and motels,Travel agencies and bureaus,Hotel and Motel Management,Hotel & Motel Management,Motels,Hotel",Accommodation & Food Services,6,4.5
Hampton Inn Suites PortlandVancouver,Vancouver,WA,45.619212,-122.525196,"Hotels,Hotels and motels,Hotel and motel reservations,Corporate Lodging,Lodging,Real estate,Hotel",Accommodation & Food Services,6,5.0
Hotel Phillips,Kansas City,MO,39.100119,-94.584701,"Hotels,Caterers,Hotels and motels,Hotel,Restaurants",Accommodation & Food Services,5,4.2
The Inn at Solvang,Huntingdon,PA,40.527478,-77.969763,"Bed Breakfasts,Bed Breakfast,Hotels Motels,Hotel",Accommodation & Food Services,1,5.0
Econolodge,Perry,GA,32.471878,-83.745217,"Hotels,Corporate Lodging,Lodging,Hotels Motels,Motels,Hotel",Accommodation & Food Services,1,5.0
Hotel Zelos,San Francisco,CA,37.785211,-122.40579,"Hotels,Resort,Spa,Meeting Room,Hotel",Accommodation & Food Services,4,4.25
EconoLodge,Vineland,NJ,39.487449,-75.044475,"Hotels and motels,Hotel and motel reservations,Motel,Hotels Motels,Banquet facilities,Hotel",Accommodation & Food Services,2,1.0
Hampton Inn Suites National HarborAlexandria Area,Oxon Hill,MD,38.782134,-77.015018,"Hotels,Corporate Lodging,Lodging,Hotel",Accommodation & Food Services,31,4.516129032258065
Fairmont Grand Del Mar,San Diego,CA,32.938326,-117.197639,"Hotels,Concierge Service,Resort,Resorts,Budget Hotels,Tourist Hotels,Hotels Motels,Family-friendly Hotels,Hotel,Business Hotels,Golf Courses",Accommodation & Food Services,16,4.875
Best Western at OHare,Des Plaines,IL,41.999219,-87.886164,"Hotels,Travel & Transport,Hotels Motels,Hotels & Motels,Hotel",Accommodation & Food Services,4,3.75
Clarion Resort Waterpark,Kissimmee,FL,28.286793,-81.350343,"Family-Friendly Hotels,Budget Hotels,Resorts,Resort,Tourist Hotels,Resort, Pool, and Hotel,Pool,Water Parks,Hotels & Motels,Business Hotels,Hotel",Accommodation & Food Services,1,5.0
Virgin Hotels Chicago,Chicago,IL,41.885982,-87.6261,"Hotels,Honeymoon Resorts,Resorts Reservations,Hotel",Accommodation & Food Services,19,4.776315789473684
The Boxer,Boston,MA,42.363911,-71.0624,"Hotels,Hotel",Accommodation & Food Services,50,4.285
The Old No. 77 Hotel & Chandlery,New Orleans,LA,29.947913,-90.06748,"Hotels,Hotel",Accommodation & Food Services,5,5.0
Main Street Station Casino Brewery Hotel,Las Vegas,NV,36.17432,-115.14565,"Hotels,Hotel",Accommodation & Food Services,29,4.401724137931034
Fremont Hotel & Casino,Las Vegas,NV,36.1708905,-115.14307,"Hotels,Hotel",Accommodation & Food Services,85,3.67
The Charlesmark Hotel,Boston,MA,42.3499894,-71.07857,"Hotels,Boutique Hotels,Hotel",Accommodation & Food Services,99,4.265656565656566
AC Hotel by Marriott Boston Downtown,Boston,MA,42.3450899,-71.06181,"Hotels,Hotel",Accommodation & Food Services,1,5.0
The Hotel of South Beach,Miami Beach,FL,25.77828,-80.13189,"Hotels,Hotel",Accommodation & Food Services,7,4.385714285714285
The Pearl Hotel,New York,NY,40.761483,-73.98547,"Hotels,Hotel",Accommodation & Food Services,1,5.0
Hotel Renew,Honolulu,HI,21.27278,-157.82226,"Hotels,Hotel",Accommodation & Food Services,18,4.555555555555555
Four Seasons Hotel New York Downtown,New York,NY,40.7124701,-74.00908,"Hotels,Hotel",Accommodation & Food Services,1,5.0
The James New York ‚Äì NoMad,New York,NY,40.7445978,-73.98543,"Hotels,Hotel",Accommodation & Food Services,1,5.0
MOXY New Orleans Downtown/French Quarter Area,New Orleans,LA,29.953565,-90.07317,"Hotels,Hotel",Accommodation & Food Services,1,5.0
Bienville House,New Orleans,LA,29.9538338,-90.06527,"Hotels,Hotels and motels,Hotel",Accommodation & Food Services,1,5.0
Room Mate Lord Balfour,Miami Beach,FL,25.773148,-80.1326,"Hotels,Hotel",Accommodation & Food Services,65,4.257692307692308
The Westin Las Vegas Hotel & Spa,Las Vegas,NV,36.1151369,-115.16572,"Hotels,Hotel",Accommodation & Food Services,171,4.200584795321637
The Broome,New York,NY,40.7213701,-73.99934,"Hotels,Hotels and motels,Hotel",Accommodation & Food Services,2,5.0
W Boston,Boston,MA,42.350811,-71.06557,"Hotels,Hotel",Accommodation & Food Services,78,4.225641025641026
"Mandarin Oriental, Miami",Miami,FL,25.76499,-80.18503,"Hotels,Hotel",Accommodation & Food Services,1,5.0
"The Ritz-Carlton, Boston",Boston,MA,42.3531032,-71.06333,"Hotels,Resort,Meeting Room,Hotel",Accommodation & Food Services,1,5.0
The St. Regis New York,New York,NY,40.761408,-73.9743,"Hotels,Hotel",Accommodation & Food Services,51,4.529411764705882
Miyako Hotel Los Angeles,Los Angeles,CA,34.049671,-118.24019,"Hotels,Hotel",Accommodation & Food Services,20,4.467499999999999
AC Hotel Chicago Downtown,Chicago,IL,41.8935352,-87.62563,"Hotels,Hotel",Accommodation & Food Services,11,4.081818181818182
Ace Hotel Chicago,Chicago,IL,41.88757,-87.65201,"Hotels,Hotel",Accommodation & Food Services,4,4.65
dana hotel and spa,Chicago,IL,41.89424,-87.62837,"Hotels,Hotel",Accommodation & Food Services,46,4.482608695652174
Kinzie Hotel,Chicago,IL,41.889408,-87.628939,"Hotels,Hotel",Accommodation & Food Services,138,4.4380434782608695
Moxy Chicago Downtown,Chicago,IL,41.8917552,-87.63284,"Hotels,Hotel",Accommodation & Food Services,1,2.0
Montage Beverly Hills,Beverly Hills,CA,34.06773,-118.39892,"Hotels,Hotel",Accommodation & Food Services,11,4.0181818181818185
Hotel Zetta San Francisco,San Francisco,CA,37.783529,-122.40686,"Hotels,Hotel",Accommodation & Food Services,63,4.350793650793651
1906 Lodge At Coronado Beach,Coronado,CA,32.683517,-117.176483,"Resorts & Vacation Cottages,Hotels and motels,Hotel and motel reservations,Resorts,Hotels Motels,Accommodations & Lodging,Hotels & Motels,Hotel",Accommodation & Food Services,1,5.0
"Home2 Suites By Hilton Philadelphia-Convention Center, Pa",Philadelphia,PA,39.953892,-75.160093,"Hotels,Hotels and motels,Lodging,Accommodations & Lodging,Banquet Facilities,Hotel","Healthcare & Social Assistance,Accommodation & Food Services",18,4.222222222222222
Chelsea Savoy Hotel,New York,NY,40.744092,-73.995989,"Hotels,Hotels and motels,Travel agencies and bureaus,Hotel Motel & Resort Reservations,Accommodations & Lodging,Hotel Chelsea,Hotel",Accommodation & Food Services,2,4.0
Central Loop Hotel,Chicago,IL,41.879294,-87.631016,"Hotels,Hotels and motels,Hotel and motel reservations,Lodging,Accommodations & Lodging,Motels,Hotel",Accommodation & Food Services,20,4.25
Royal Resort,Las Vegas,NV,36.13234,-115.16201,"Hotels,Resorts,Hotels-Apartment,Motels,Hotel",Accommodation & Food Services,2,4.0
Sterling Gardens Hotel,Las Vegas,NV,36.16118,-115.12369,"Hotels,Hotels Motels,Motels,Hotel",Accommodation & Food Services,1,4.0
SpringHill Suites Las Vegas Convention Center,Las Vegas,NV,36.13499,-115.15548,"Hotels,Hotels Motels,Hotel",Accommodation & Food Services,1,5.0
"The Cartwright Hotel - Union Square, BW Premier Collection",San Francisco,CA,37.7895,-122.4092,"Hotels,Hotels Motels,Hotel",Accommodation & Food Services,2,2.5
Best Western Plus Inn At The Vines,Napa,CA,38.2809,-122.27375,"Hotels,Hotel",Accommodation & Food Services,74,4.148648648648648
Aloft New Orleans Downtown,New Orleans,LA,29.952728,-90.07257,"Hotels,Lodging,Motels,Hotel",Accommodation & Food Services,39,4.230769230769231
Hampton Inn and Suites Napa,Napa,CA,38.28311,-122.2812895,"Hotels and motels,Hotel",Accommodation & Food Services,25,4.32
Hampton Inn & Suites Dallas/Cockrell Hill I-30,Dallas,TX,32.76907,-96.89504,"Hotels,Hotels and motels,Corporate Lodging,Lodging,Hotel",Accommodation & Food Services,4,4.5
Fairfield Inn & Suites by Marriott Key West at The Keys Collection,Key West,FL,24.56863,-81.75256,"Hotels,Corporate Lodging,Lodging,Hotel",Accommodation & Food Services,20,4.3
The Villa Toscana,Chicago,IL,41.945041,-87.649413,"Hotels,Bed Breakfast Lakeview,Hotel",Accommodation & Food Services,3,4.666666666666667
Bed and Breakfast Inn Seattle,Seattle,WA,47.61878,-122.30823,"Hotels,Hotel",Accommodation & Food Services,1,5.0
Quality Inn Midway Airport,Chicago,IL,41.76036,-87.7415,"Hotels,Hotels and motels,Motels,Hotel",Accommodation & Food Services,1,5.0
Rodeway Inn,Chicago,IL,41.98916,-87.7059,"Hotels,Lodging,Motels,Hotel",Accommodation & Food Services,22,2.727272727272727
Freehand Chicago,Chicago,IL,41.89233,-87.62727,"Hotels,Hotel",Accommodation & Food Services,1,1.0
WoodSpring Suites Phoenix I-10 West,Phoenix,AZ,33.46376,-112.15198,"Hotels,Lodging,Motels,Hotel",Accommodation & Food Services,1,5.0
Holiday Inn North Phoenix,Phoenix,AZ,33.5944,-112.1199,"Resorts,Lodging,Luxury Hotels,Family-friendly Hotels,Accommodation Reservations,Hotels,Weekend Getaway Hotels,Conference Room,Tourist Hotels,Meeting Room,Hotels Motels,Hotel,Beach Hotels,Business Hotels",Accommodation & Food Services,32,3.0
Comfort Inn I-10 West at 51st Ave,Phoenix,AZ,33.46131,-112.17149,"Hotels,Lodging,Motels,Hotel",Accommodation & Food Services,3,4.0
Red Roof Inn Phoenix North - Bell Road,Phoenix,AZ,33.642735,-112.116394,"Hotels,Hotel",Accommodation & Food Services,3,2.3333333333333335
Hotel 502,Phoenix,AZ,33.510227,-112.08061,"Hotels,Hotel",Accommodation & Food Services,8,3.25
The Nolitan Hotel,New York,NY,40.7206,-73.9953,"Hotels and motels,Hotel and motel reservations,Hotel and motel mgmt.,Hotels Motels,Hotel",Accommodation & Food Services,1,5.0
Hilton Garden Inn Atlanta Downtown,Atlanta,GA,33.76201,-84.39575,"Hotels,Event Space,Other Nightlife,Lodging,Hotel",Accommodation & Food Services,38,4.2105263157894735
"The Beekman, A Thompson Hotel",New York,NY,40.7112335,-74.006745,"Hotels,Hotels and motels,Real estate,Hotel",Accommodation & Food Services,1,5.0
The St. Regis Atlanta,Atlanta,GA,33.83985,-84.38262,"Hotels,Lodging,Hotel",Accommodation & Food Services,7,5.0
Extended Stay America - Atlanta - Perimeter - Hammond Drive,Atlanta,GA,33.91893,-84.35344,"Hotels,Corporate Lodging,Lodging,Hotels-Apartment,Hotels Motels,Motels,Hotel",Accommodation & Food Services,1,1.0
Quality Inn & Suites,Atlanta,GA,33.771,-84.5158,"Hotels,Hotels Motels,Motels,Hotel",Accommodation & Food Services,13,3.3846153846153846
Central Park West Hostel,New York,NY,40.78858,-73.97481,"Hotels,Hotel",Accommodation & Food Services,1,2.0
Hampton Inn Atlanta-Perimeter Center,Atlanta,GA,33.918404,-84.3589,"Hotels,Convention Services and Facilities,Hotel",Accommodation & Food Services,7,3.857142857142857
Extended Stay America - Atlanta - Clairmont,Atlanta,GA,33.84947,-84.31455,"Hotels,Corporate Lodging,Lodging,Hotels-Apartment,Motels,Hotel",Accommodation & Food Services,3,4.666666666666667
The Redbury New York,New York,NY,40.74455837,-73.98478813,"Hotels,Hotels and motels,Hotel",Accommodation & Food Services,2,2.5
Silver Cloud Inn - Seattle Lake Union,Seattle,WA,47.629745,-122.32902,"Budget Hotels,Tourist Hotels,Hotels Motels,Family-friendly Hotels,Hotel,Business Hotels",Accommodation & Food Services,2,3.0
Residence Inn Seattle Downtown/Lake Union,Seattle,WA,47.626358,-122.333984,"Hotels,Lodging,Hotel",Accommodation & Food Services,1,3.0
Inn at El Gaucho,Seattle,WA,47.6148,-122.3491,"Hotels,Boutique Hotels,Tourist Hotels,Corporate Lodging,Lodging,Hotels Motels,Motels,Hotels & Motels,Hotel,Business Hotels",Accommodation & Food Services,3,5.0
La Quinta Inn & Suites Phoenix I-10 West,Phoenix,AZ,33.465954,-112.166363,"Hotels,Hotel",Accommodation & Food Services,27,4.0
Residence Inn Phoenix North/Happy Valley,Phoenix,AZ,33.71098,-112.10363,"Hotels,Hotels Motels,Hotel Deer Valley,Motels,Hotel",Accommodation & Food Services,1,4.0
Courtyard Phoenix North/Happy Valley,Phoenix,AZ,33.71008,-112.10357,"Hotels,Hotels Motels,Motels,Hotel",Accommodation & Food Services,1,4.0
"The Carlyle, A Rosewood Hotel",New York,NY,40.774347,-73.963113,"Hotels and motels,Budget Hotels,American restaurants,Accommodations & Lodging,Family-friendly Hotels,Restaurants,Hotels,Travel,Hotel and motel reservations,Tourist Hotels,Hotels Motels,Hotel,Business Hotels",Accommodation & Food Services,1,1.0
DoubleTree by Hilton Hotel Metropolitan - New York City,New York,NY,40.75682,-73.97196,"Hotels,Hotel",Accommodation & Food Services,1,5.0
The Westin Chicago River North,Chicago,IL,41.88843999,-87.62992635,"Hotels Motels,Hotel",Accommodation & Food Services,14,4.5928571428571425
FOUND:RE Phoenix,Phoenix,AZ,33.46,-112.0739,"Hotels,Lodging,Hotels Motels,Motels,Hotel",Accommodation & Food Services,21,4.761904761904762
TownePlace Suites Anaheim Maingate Near Angel Stadium,Anaheim,CA,33.804844,-117.888954,"Hotels,Corporate Lodging,Lodging,Hotels-Apartment,Motels,Hotel",Accommodation & Food Services,38,4.078947368421052
Maison de Macarty,New Orleans,LA,29.96348,-90.0374,"Hotels,Bed and Breakfast and Inns,Hotel",Accommodation & Food Services,1,5.0
Hotel Storyville,New Orleans,LA,29.96762,-90.06539,"Hotels,Hotels and motels,Lodging,New Orleans,Motels,Hotel",Accommodation & Food Services,1,5.0
Econo Lodge,New Orleans,LA,30.00616,-90.03204,"Hotels,Corporate Lodging,Lodging,Hotels Motels,Motels,Hotel",Accommodation & Food Services,41,2.8536585365853657
Ace Hotel New Orleans,New Orleans,LA,29.948412,-90.07202,"Hotels,Hotels and motels,Hotel Central Business District,Hotel",Accommodation & Food Services,3,3.3333333333333335
XV Beacon,Boston,MA,42.3583231,-71.0619297,"Hotels,Hotels and motels,Resorts,Hotel",Accommodation & Food Services,1,5.0
Bricco Suites,Boston,MA,42.363056,-71.055115,"Hotels,Hotels and motels,Hotel",Accommodation & Food Services,2,5.0
Beacon Hill Hotel and Bistro,Boston,MA,42.356958,-71.0696757,"Hotels,Boutique Hotels,Tourist Hotels,Hotels Motels,Business Hotels,Hotel",Accommodation & Food Services,1,4.0
Embassy Suites by Hilton Boston at Logan Airport,Boston,MA,42.3704,-71.0316,"Wedding Sites,Meeting Facilities,Hotels Motels,Hotel",Accommodation & Food Services,1,5.0
The College Club of Boston,Boston,MA,42.35273,-71.07334,"Hotels,Bed Breakfast,Clubs,Hotel",Accommodation & Food Services,7,4.0
"The Roosevelt New Orleans, A Waldorf Astoria Hotel",New Orleans,LA,29.9543,-90.0722,"Hotels,Hotels Motels,Hotel",Accommodation & Food Services,2,4.5
Cornstalk Hotel,New Orleans,LA,29.959764,-90.06318,"Hotels,Hotels and motels,Lodging,Hotels Motels,Motels,Hotel",Accommodation & Food Services,12,4.5
French Quarter Suites Hotel,New Orleans,LA,29.964303,-90.065584,"Hotels,Hotels and motels,Lodging,Motels,Hotel",Accommodation & Food Services,7,3.5714285714285716
Soniat House,New Orleans,LA,29.961279,-90.06055,"Hotels,Hotel",Accommodation & Food Services,2,4.5
The Pontchartrain Hotel,New Orleans,LA,29.935118,-90.07953,"Hotels,Lodging,Hotel",Accommodation & Food Services,5,3.6
Martinique Motel,Atlantic City,NJ,39.35245,-74.44787,"Hotels,Hotels and motels,Lodging,Motels,Hotel",Accommodation & Food Services,1,4.0
The Annex at The Chelsea,Atlantic City,NJ,39.352068,-74.447882,"Hotels,Hotel,Hotel Pool",Accommodation & Food Services,16,2.0
Eden Roc Inn & Suites,Anaheim,CA,33.802116,-117.923615,"Hotels,Hotels and motels,Hotel and motel reservations,Hotels & Motels,Hotel",Accommodation & Food Services,9,4.0
Best Western Courtesy Inn,Anaheim,CA,33.818059,-117.923649,"Hotels,Hotel",Accommodation & Food Services,9,4.111111111111111
Park Vue Inn,Anaheim,CA,33.80886,-117.91406,"Hotels,Hotels and motels,Hotel and motel reservations,Corporate Lodging,Lodging,Motels,Hotel",Accommodation & Food Services,5,4.2
Holiday Inn Anaheim-Resort Area,Anaheim,CA,33.800358,-117.90158,"Resorts,Budget Hotels,Cottages,Lodging,Luxury Hotels,Family-friendly Hotels,Weekend Getaway Hotels,Tourist Hotels,Conference Room,Hotels Motels,Meeting Room,Hotel,Beach Hotels,Business Hotels",Accommodation & Food Services,6,3.8333333333333335
Pacific Inn,Anaheim,CA,33.82613,-117.99274,"Hotels,Hotels and motels,Motels,Hotel",Accommodation & Food Services,1,2.0
Quality Inn & Suites Anaheim Maingate,Anaheim,CA,33.82277,-117.91631,"Hotels,Corporate Lodging,Motels,Hotel",Accommodation & Food Services,1,1.0
Best Western Envoy Inn,Atlantic City,NJ,39.35999,-74.42784,"Hotels,Lodging,Hotel",Accommodation & Food Services,19,3.473684210526316
Best Western Seven Seas,San Diego,CA,32.760746,-117.165945,"Hotels,Restaurant,Hotels Motels,Accommodations & Lodging,Motels,Hotel",Accommodation & Food Services,19,3.526315789473684
Embassy Suites by Hilton Philadelphia - Center City,Philadelphia,PA,39.9563,-75.169,"Wedding Sites,Meeting Facilities,Hotels Motels,Hotel",Accommodation & Food Services,1,4.0
Rodeway Inn San Diego Near Qualcomm Stadium,San Diego,CA,32.781576,-117.083121,"Hotels,Hotel",Accommodation & Food Services,4,3.0
Holiday Inn Express San Diego Sea World - Beach Area,San Diego,CA,32.803367,-117.217316,"Hotel & Motel Reservations,Resorts,Budget Hotels,Lodging,Accommodations & Lodging,Family-friendly Hotels,Motels,Hotels,Accommodation Reservations,Weekend Getaway Hotels,Tourist Hotels,Hotels Motels,Hotel,Beach Hotels,Business Hotels",Accommodation & Food Services,2,5.0
Grande Colonial La Jolla,La Jolla,CA,32.847256,-117.27551,"Luxury Hotels,Hotels Motels,Hotels & Motels,Hotel",Accommodation & Food Services,4,4.75
Residence Inn San Diego Central,San Diego,CA,32.834587,-117.143821,"Hotels,Hotels Motels,Hotels & Motels,Hotel",Accommodation & Food Services,1,5.0
SpringHill Suites San Diego Rancho Bernardo/Scripps Poway,San Diego,CA,32.937504,-117.109055,"Hotels,Hotel Northeastern San Diego,Hotels Motels,Hotel",Accommodation & Food Services,2,4.0
Fairfield Inn Philadelphia Airport,Philadelphia,PA,39.8867,-75.24774,"Hotels,Hotel Eastwick - Southwest Philadelphia,Corporate Lodging,Lodging,Hotel",Accommodation & Food Services,5,4.2
Hyatt Regency Orlando International Airport,Orlando,FL,28.43141,-81.30562,"Hotel Orlando International Airport,Budget Hotels,Lodging,Luxury Hotels,Hotel Pool Orlando International Airport,Family-friendly Hotels,Bars Clubs,Hotels,Restaurant,Weekend Getaway Hotels,Tourist Hotels,Hotels Motels,Airport Consultants,Hotel,Business Hotels",Accommodation & Food Services,1,5.0
Hilton Garden Inn Napa,Napa,CA,38.3241,-122.313,"Hotels Motels,Hotel",Accommodation & Food Services,1,4.0
NOPSI Hotel New Orleans,New Orleans,LA,29.952141,-90.073082,"Hotels and motels,Restaurants,Hotel",Accommodation & Food Services,12,4.166666666666667
"The Troubadour Hotel New Orleans, Tapestry Collection by Hilton",New Orleans,LA,29.95325,-90.07435,"Hotels,Resorts,Lodging,Hotel",Accommodation & Food Services,39,4.512820512820513
Courtyard Seattle Downtown/Lake Union,Seattle,WA,47.627487,-122.34056,"Hotels Motels,Hotels & Motels,Hotel",Accommodation & Food Services,22,4.090909090909091
Hyatt House Seattle/Downtown,Seattle,WA,47.62013,-122.34797,"Hotels and motels,Hotel South Lake Union,Hotel",Accommodation & Food Services,50,4.28
Aloft Philadelphia Downtown,Philadelphia,PA,39.95465,-75.16277,"Hotels,Hotels and motels,Bar and grill restaurants,Hotel and Motel Consultants,Lodging,Hotel",Accommodation & Food Services,16,5.0
"The Saint Hotel Key West, Autograph Collection",Key West,FL,24.5568,-81.80429,"Hotels,Hotels Motels,Hotel",Accommodation & Food Services,25,4.44
Suncoast Hotel and Casino,Las Vegas,NV,36.16883,-115.29116,"Hotels,Casinos,Resorts,Casino,Lodging,Hotel,Restaurants",Accommodation & Food Services,58,3.913793103448276
Rodeway Inn Oceanview,Atlantic City,NJ,39.35143,-74.44898,"Hotels,Hotels and motels,Hotel and motel reservations,Lodging,Hotels Motels,Motels,Hotel",Accommodation & Food Services,5,2.0
Rodeway Inn Boardwalk,Atlantic City,NJ,39.3605,-74.42425,"Hotels,Hotels and motels,Lodging,Hotels Motels,Motels,Hotel",Accommodation & Food Services,2,2.0
River Hotel,Chicago,IL,41.88762,-87.62544,"Hotels,Hotels and motels,Lodging,Motels,Hotel",Accommodation & Food Services,56,4.053571428571429
Wyndham Canterbury at San Francisco,San Francisco,CA,37.788994,-122.41281,"Hotels,Hotels Motels,Hotels & Motels,Hotel",Accommodation & Food Services,10,3.9
Motel 6 Atlanta Downtown,Atlanta,GA,33.763016,-84.383865,"Hotels Motels,Hotel",Accommodation & Food Services,11,3.4545454545454546
Drury Inn & Suites Atlanta Airport,Atlanta,GA,33.6592,-84.4339,"Family-Friendly Hotels,Hotels and motels,Hotel and motel reservations,Budget Hotels,Tourist Hotels,Hotels Motels,Business Hotels,Hotel",Accommodation & Food Services,29,3.7586206896551726
Halcyon Hotel,San Francisco,CA,37.786957,-122.413384,"Hotels,Hotel Lower Nob Hill,Motels,Hotel",Accommodation & Food Services,1,1.0
Comfort Inn,Concord,NH,43.189562,-71.525797,"Budget Hotels,Tourist Hotels,Gyms and Fitness Centers,Lodging,Hotels Motels,Family-friendly Hotels,Hotels & Motels,Hotel,Business Hotels","Accommodation & Food Services,Arts Entertainment & Recreation",40,4.05
Clarion Inn & Suites,Chicago,IL,41.759111,-87.741423,"Hotel & Motel Reservations,Hotels,Motels,Lodges",Accommodation & Food Services,22,3.9545454545454546
Hotel St. Augustine,Miami Beach,FL,25.77323,-80.13436,"Hotels,Hotel",Accommodation & Food Services,34,3.7941176470588234
Hotel Royal,New Orleans,LA,29.9605,-90.0623,"Hotel,Hotels and motels,Hotels,Hotels Motels",Accommodation & Food Services,2,4.5
Bay Pointe Inn Restaurant,Shelbyville,MI,42.58192,-85.514609,"Hotels,Resorts,Hotels and motels,Lodging,Hotels Motels,Hotels & Motels,Motels,Restaurants,Hotel",Accommodation & Food Services,1,4.0
Hampton Inn Potomac Mills/Woodbridge,Woodbridge,VA,38.666375,-77.250458,"Hotels,Hotel & Motel Reservations,Accommodation Reservations,Hotel Woodbridge,Hotels Motels,Accommodations & Lodging,Hotel Representatives,Hotel",Accommodation & Food Services,5,4.2
Quality Inn Suites Medical Park,Durham,NC,36.027977,-78.958867,"Hotels,Hotels and motels,Corporate Lodging,Hotels Motels,Motels,Hotel",Accommodation & Food Services,1,5.0
Best Western Orange Plaza,Orange,CA,33.787749,-117.865958,"Hotels,Hotel & Motel Reservations,Accommodation Reservations,Lodging,Hotels Motels,Accommodations & Lodging,Hotel Representatives,Hotel",Accommodation & Food Services,2,4.0
The Academy Hotel Colorado Springs,Colorado Springs,CO,38.949329,-104.804688,"Hotels,Bed & Breakfasts,Hotels & Motels,Bed & Breakfast Reservations,Hotel",Accommodation & Food Services,1,5.0
Ramada Plaza Hawthorne/LAX,Hawthorne,CA,33.916172,-118.373279,"Hotels,Hotels and motels,Hotel and motel reservations,Accommodations & Lodging,Hotel",Accommodation & Food Services,1,4.0
Economy Inn Suites,Henderson,KY,37.864761,-87.573296,"Hotels,Banquet Halls Reception Facilities,Apartment Hotels,Hotels-apartment,Lodging,Accommodations & Lodging,Motels,Hotels & Motels,Hotel",Accommodation & Food Services,2,4.0
Holiday Inn Express Suites Fort Worth Downtown,Fort Worth,TX,32.746592,-97.33847,"Hotel & Motel Reservations,Budget Hotels,Resorts,Lodging,Accommodations & Lodging,Motels,Hotels,Accommodation Reservations,Family-Friendly Hotels,Hotel, Conference Room, and Meeting Room Downtown Fort Worth,Weekend Getaway Hotels,Tourist Hotels,Hotels & Motels,Hotel,Business Hotels,Beach Hotels",Accommodation & Food Services,1,5.0
La Quinta Inn Suites San Antonio Northwest,San Antonio,TX,29.547636,-98.673692,"Bed Breakfasts,Hotel & Motel Reservations,Budget Hotels,Apartment Hotels,Business Services,Inns,Lodging,Accommodations & Lodging,Family-friendly Hotels,Hotel Northwest Side,Hotels,Accommodation Reservations,Travel,Extended Stay,Weekend Getaway Hotels,Tourist Hotels,Hotels Motels,Beach Hotels,Business Hotels",Accommodation & Food Services,5,4.2
Pine Barn Inn,Danville,PA,41.10661,-76.65025,"Pubs,Restaurant,Bar,Hotels Motels,Hotel",Accommodation & Food Services,2,5.0
Wildflower Inn,Sedona,AZ,34.78843009,-111.7635301,"Hotel,Hotels,Lodging,Bed & Breakfast & Inns,Motels",Accommodation & Food Services,4,4.5
Hampton Inn & Suites Dodge City,Dodge City,KS,37.76599,-100.05909,"Hotels,Hotels and motels,Corporate Lodging,Lodging,Hotel",Accommodation & Food Services,6,5.0
Holiday Inn Express & Suites Baton Rouge East,Baton Rouge,LA,30.393513,-91.06225,"Hotels and motels,Hotel",Accommodation & Food Services,1,5.0
Arizona Mountain Inn & Cabins,Flagstaff,AZ,35.158066,-111.65575,"Hotels and motels,Hotel",Accommodation & Food Services,5,4.4
Hollywood Motel,New Castle,DE,39.6611,-75.6098,"Hotels,Hotels and motels,Hotel and motel reservations,Travel and Tourism,Lodging,Hotels Motels,Motels,Hotel",Accommodation & Food Services,1,5.0
Stonebrook Lodge,Cherokee,NC,35.46881,-83.3034,"Hotels,Resorts,Hotels and motels,Tourist information services,Lodging,Hotels Motels,Luxury Hotels,Motels,Attractions,Hotels & Motels,Hotel",Accommodation & Food Services,2,4.5
Hampton Inn & Suites Coeur d'Alene,Coeur d'Alene,ID,47.69342,-116.80824,"Hotels,Hotels and motels,Corporate Lodging,Lodging,Hotel",Accommodation & Food Services,1,5.0
Hampton Inn & Suites Newport/Middletown,Middletown,RI,41.51423,-71.30143,"Hotels,Hotels and motels,Restaurants,Hotel",Accommodation & Food Services,5,4.6
Snowshoe Motel,Frisco,CO,39.57532,-106.11013,"Hotels,Lodging,Motels,Hotel",Accommodation & Food Services,2,3.5
Americas Best Value Inn-arkansas City,Arkansas City,KS,37.08145,-97.04019,"Hotels,Hotels and motels,Hotel and motel reservations,Lodging,Motels,Hotel",Accommodation & Food Services,1,4.0
Liberty Inn,Winfield,KS,37.23989,-97.0039,"Hotels,Hotels and motels,Hotel and motel reservations,Lodging,Hotels Motels,Motels,Hotel",Accommodation & Food Services,1,5.0
Dover Inn,Dover,DE,39.17276,-75.52201,"Hotels and motels,Lodging,Hotels Motels,Hotel",Accommodation & Food Services,1,2.0
The Colonial Hotel,Gardner,MA,42.56463,-71.949262,"Restaurant,Hotels and motels,Hotels Motels,Hotel",Accommodation & Food Services,2,4.0
Ramada-ankeny,Ankeny,IA,41.7307,-93.57961,"Hotels,Hotels and motels,Hotels Motels,Hotel",Accommodation & Food Services,2,4.0
Holiday Inn Express & Suites Denver Northeast - Brighton,Brighton,CO,39.96016,-104.77092,"Hotels and motels,Hotel",Accommodation & Food Services,1,5.0
Comfort Suites-dodge City,Dodge City,KS,37.7547,-100.05255,"Hotels,Hotels and motels,Hotel",Accommodation & Food Services,1,5.0
Pakalana Inn,Hilo,HI,19.722576,-155.084253,"Hotels,Hotels and motels,Travel and Tourism,Hotels Motels,Hotel",Accommodation & Food Services,1,5.0
The Westin San Diego Gaslamp Quarter,San Diego,CA,32.7146,-117.1624,"Hotel,Hotels Motels,Family-friendly Hotels,Weekend Getaway Hotels,Luxury Hotels,Resorts,Ski Resorts,Boutique Hotels,Conventions,Lodging,Business Hotels",Accommodation & Food Services,6,4.5
Hampton Inn Las Vegas North Speedway,North Las Vegas,NV,36.24119,-115.11024,"Hotel,Hotels,Lodging,Corporate Lodging",Accommodation & Food Services,3,4.666666666666667
Courtyard Las Vegas Henderson/Green Valley,Henderson,NV,36.072049,-115.081676,"Hotels Motels,Hotel",Accommodation & Food Services,1,4.0
Loews Portofino Bay Hotel at Universal Orlando,Orlando,FL,28.480418,-81.461524,"Hotels,Hotel and motel consultants,Resort,Hotels and motels,Karaoke,Hotel,Restaurants",Accommodation & Food Services,2,4.0
Hyatt Regency Grand Cypress,Orlando,FL,28.382258,-81.510118,"Resort,Budget Hotels,Weekend Getaway Hotels,Tourist Hotels,Lodging,Caf,Hotel, Cemetery, and Parking,Hotels Motels,Family-friendly Hotels,Hotel,Business Hotels,Caf√©",Accommodation & Food Services,21,4.476190476190476
Holiday Inn Express Alpharetta - Roswell,Alpharetta,GA,34.038079,-84.297421,"Hotels and motels,Resorts,Budget Hotels,Weekend Getaway Hotels,Tourist Hotels,Lodging,Hotels Motels,Family-friendly Hotels,Beach Hotels,Business Hotels,Hotel",Accommodation & Food Services,2,4.5
Tawas Bay Beach Resort,East Tawas,MI,44.279312,-83.4876,"Resorts,Bars & Pubs,Bars Pubs,Hotels Motels,Hotels & Motels,Hotel",Accommodation & Food Services,1,4.0
Holiday Inn Express Suites Northwood,Northwood,IA,43.446304,-93.35595,"Hotel,Hotels and motels,Hotels,Lodging,Motels",Accommodation & Food Services,1,4.0
Residence Inn Chicago Bloomingdale,Bloomingdale,IL,41.940625,-88.113973,"Travel & Transport,Hotels & Motels,Hotel",Accommodation & Food Services,1,5.0
"The Press Hotel, Autograph Collection",Portland,ME,43.658943,-70.25625,"Hotels,Hotel",Accommodation & Food Services,5,5.0
ARIA Resort Casino,Las Vegas,NV,36.107741,-115.176268,"Hotels,Casinos,Resorts,Resort,Casino,Hotel",Accommodation & Food Services,139,4.503597122302159
Staybridge Suites Rockford,Rockford,IL,42.272957,-88.969315,"Hotels,Hotels and motels,Hotel and motel reservations,Conference Room,Meeting Room,Hotel",Accommodation & Food Services,3,4.666666666666667
W Austin,Austin,TX,30.265,-97.7467,"Hotels,Boutique Hotels,Weekend Getaway Hotels,Lodging,Hotels Motels,Luxury Hotels,Family-friendly Hotels,Hotel,Business Hotels",Accommodation & Food Services,3,4.666666666666667
Best Western Plus Heritage Inn Rancho Cucamonga/Ontario,Rancho Cucamonga,CA,34.105037,-117.566156,"Corporate Housing,Hotels,Hotels and motels,Hotel and motel mgmt.,Lodging,Hotels Motels,Hotel",Accommodation & Food Services,4,3.5
Hotel Lincoln,Chicago,IL,41.9156,-87.63436,"Hotels,Hotels and motels,Hotel and motel reservations,Lodging,Motels,Hotel,Restaurants",Accommodation & Food Services,8,4.25
Auburn Travelodge Inn & Suites,Auburn,WA,47.3228,-122.2288,"Hotels and motels,Budget Hotels,Hotels Motels,Hotel",Accommodation & Food Services,1,4.0
Biddeford Motel,Biddeford,ME,43.46864,-70.48605,"Hotels,Hotels and motels,Travel and Tourism,Lodging,Motels,Hotel",Accommodation & Food Services,1,1.0
Best Western Granbury Inn Suites,Granbury,TX,32.4386,-97.7612,"Hotel,Hotels Motels",Accommodation & Food Services,3,3.3333333333333335
Omni Royal Orleans,New Orleans,LA,29.956219,-90.065894,"Hotels,Resort,Lodging,Hotel",Accommodation & Food Services,44,4.5
Hilton Garden Inn Williamsburg,Williamsburg,VA,37.2933535,-76.72572613,"Hotel,Hotels Motels",Accommodation & Food Services,10,4.0649999999999995
The Bertram Inn & Conference Center,Aurora,OH,41.334415,-81.36336,"Hotels and motels,Hotel,Convention Center",Accommodation & Food Services,1,2.0
Flamingo Inn Rosemead,Rosemead,CA,34.062984,-118.08123,"Boutique Hotels,Family-Friendly Hotels,Hotels and motels,Hotel and motel reservations,Resorts,Hotels & Motels,Business Hotels,Hotel",Accommodation & Food Services,1,4.0
Travelodge-lax South,El Segundo,CA,33.92775,-118.39677,"Family-Friendly Hotels,Budget Hotels,Hotels and motels,Hotel and motel reservations,Tourist Hotels,Hotels & Travel,Hotels & Motels,Business Hotels,Hotel",Accommodation & Food Services,10,3.5
Cloverleaf Residence Suites,Dublin,OH,40.10829,-83.09834,"Hotels,Apartments,Hotels and motels,Corporate housing,Hotel",Accommodation & Food Services,1,4.0
The Gables Inn Sausalito,Sausalito,CA,37.854683,-122.47998,"Hotels,Hotels and motels,Hotel and motel reservations,Hotel",Accommodation & Food Services,3,4.666666666666667
Drury Plaza Hotel Indianapolis Carmel,Indianapolis,IN,39.92786,-86.15773,"Hotels,Hotels and motels,Hotel and motel reservations,Lodging,Hotels Motels,Motels,Hotel",Accommodation & Food Services,1,5.0
Ocean Suites,Brookings,OR,42.0436,-124.2634,"Hotels,Hotels and motels,Hotel and motel reservations,Lodging,Hotels Motels,Motels,Hotel",Accommodation & Food Services,2,5.0
The Saga Motor Hotel,Pasadena,CA,34.146194,-118.11679,"Hotels,Hotels and motels,Hotel and motel reservations,Motel,Lodging,Motels,Hotel",Accommodation & Food Services,2,3.0
La Cuesta Inn,San Luis Obispo,CA,35.29105,-120.64943,"Hotels,Bed and Breakfast and Inns,Hotels and motels,Hotel and motel reservations,Lodging,Hotels Motels,Motels,Hotel",Accommodation & Food Services,3,3.6666666666666665
Inn At San Luis Obispo,San Luis Obispo,CA,35.2892,-120.6509,"Hotels and motels,Hotel and motel reservations,Resorts,Budget Hotels,Hotel and motel mgmt.,Lodging,Hotels Motels,Family-friendly Hotels,Business Hotels,Hotel",Accommodation & Food Services,4,4.25
Desert Lodge,Palm Springs,CA,33.8071,-116.5457,"Beauty,Hotels,Hotels and motels,Hotels Motels,Hotel",Accommodation & Food Services,4,1.75
Candlewood Suites Orange County/Irvine East,Lake Forest,CA,33.658707,-117.69878,"Hotel & Motel Reservations,Accommodation Reservations,Hotels,Hotel, Conference Room, and Meeting Room,Hotels and motels,Accommodations & Lodging,Motels,Hotel",Accommodation & Food Services,1,5.0
Hyatt Regency-valencia,Valencia,CA,34.417657,-118.562905,"Hotels,Hotels and motels,Hotel and motel reservations,Hotel",Accommodation & Food Services,9,3.5555555555555554
Motel 6,Buena Park,CA,33.858124,-118.02875,"Hotels,Hotels and motels,Hotel and motel reservations,Lodging,Hotels & Motels,Motels,Hotel",Accommodation & Food Services,8,3.375
Nites Inn,Barstow,CA,34.89566,-117.04284,"Hotels,Bed and Breakfast and Inns,Hotels and motels,Hotel and motel reservations,Lodging,Motels,Hotel",Accommodation & Food Services,1,2.0
Pacific Shores Inn,Morro Bay,CA,35.3666,-120.8507,"Hotels,Hotels and motels,Hotels Motels,Hotel",Accommodation & Food Services,14,3.357142857142857
Aloft Cleveland Downtown,Cleveland,OH,41.501,-81.7045,"Hotels,Hotels and motels,Lodging,Real estate,Hotel",Accommodation & Food Services,3,4.333333333333333
Best Western-ashburn Inn,Ashburn,GA,31.71023,-83.63835,"Hotels,Hotels and motels,Hotel and motel mgmt.,Lodging,Hotel",Accommodation & Food Services,3,4.0
Holiday Inn Express & Suites Atlanta East - Lithonia,Lithonia,GA,33.697,-84.0928,"Hotels and motels,Resorts,Budget Hotels,Lodging,Family-friendly Hotels,Convention information bureaus,Convention services and facilities,Hotel and motel reservations,Weekend Getaway Hotels,Tourist Hotels,Hotels Motels,Hotels & Motels,Beach Hotels,Business Hotels,Hotel",Accommodation & Food Services,1,5.0
Holiday Inn Express & Suites Columbus Univ Area - Osu,Columbus,OH,40.0231,-83.0258,"Hotels and motels,Resorts,Budget Hotels,Corporate Lodging,Lodging,Family-friendly Hotels,Hotels,Hotel and motel reservations,Weekend Getaway Hotels,Tourist Hotels,Hotels Motels,Hotel,Beach Hotels,Business Hotels",Accommodation & Food Services,1,5.0
Holiday Inn Express & Suites Columbus - Polaris Parkway,Columbus,OH,40.144894,-82.966156,"Hotels and motels,Hotel and motel reservations,Hotel",Accommodation & Food Services,1,5.0
Innkeeper Danville West,Danville,VA,36.58691,-79.42383,"Hotels and motels,Travel and Tourism,Hotel",Accommodation & Food Services,1,5.0
Holiday Inn Express Clermont,Clermont,FL,28.5474,-81.5775,"Travel,Hotels and motels,Resorts,Budget Hotels,Weekend Getaway Hotels,Tourist Hotels,Lodging,Hotels Motels,Family-friendly Hotels,Beach Hotels,Business Hotels,Hotel",Accommodation & Food Services,2,3.0
Bougainvillea On The Beach,Hollywood,FL,26.02868,-80.11487,"Hotels,Hotels and motels,Lodging,Hotels Motels,Motels,Hotel",Accommodation & Food Services,1,5.0
Quality Inn,Brooksville,FL,28.52093,-82.56659,"Hotels,Hotels and motels,Budget Hotels,Corporate Lodging,Lodging,Hotels Motels,Motels,Family-friendly Hotels,Business Hotels,Hotel",Accommodation & Food Services,54,3.759259259259259
Ramada Hialeah Miami Airport,Hialeah,FL,25.865461,-80.321754,"Hotels and motels,Hotel and motel reservations,Hotel",Accommodation & Food Services,6,2.1666666666666665
Aloft Jacksonville Tapestry Park,Jacksonville,FL,30.25989,-81.55502,"Hotels,Bar,Hotels and motels,Hotel Bar,Lodging,Cocktail Bar,Hotel",Accommodation & Food Services,5,4.8
Orange Motel,Clearwater,FL,27.96103,-82.76515,"Hotels and motels,Hotel",Accommodation & Food Services,2,4.5
Hampton Inn & Suites Bradenton Downtown Historic District,Bradenton,FL,27.49698,-82.57156,"Hotels,Hotels and motels,Corporate Lodging,Lodging,Hotel",Accommodation & Food Services,1,5.0
Cozy Villa Motel,Daytona Beach,FL,29.23433,-81.03581,"Hotels,Resorts,Hotels and motels,Lodging,Motels,Hotel",Accommodation & Food Services,1,5.0
Sea-Aire Motel,Cocoa Beach,FL,28.32162,-80.60826,"Hotels and motels,Hotel and motel reservations,Motels,Hotel",Accommodation & Food Services,2,4.5
Echo Sails Motel,Clearwater Beach,FL,27.9744,-82.82767,"Hotels,Apartments,Hotels and motels,Hotel and motel reservations,Lodging,Motels,Hotel",Accommodation & Food Services,1,5.0
Dolphin Key Resort,Cape Coral,FL,26.560802,-81.945294,"Hotels,Resort,Hotels and motels,Resorts,Hotel",Accommodation & Food Services,1,4.0
Best Western Pasadena Royale,Pasadena,CA,34.146263,-118.076069,"Hotels,Hotels and motels,Hotel and motel mgmt.,Hotel",Accommodation & Food Services,2,4.5
Holiday Inn Express & Suites Lake Placid,Lake Placid,FL,27.317506,-81.355336,"Hotels and motels,Budget Hotels,Resorts,Lodging,Family-Friendly Hotels,Hotel and motel reservations,Weekend Getaway Hotels,Tourist Hotels,Hotel and Meeting Room,Hotels & Motels,Hotel,Banquet facilities,Business Hotels,Beach Hotels",Accommodation & Food Services,1,4.0
Imperial Waters,Old Orchard Beach,ME,43.5178,-70.37599,"Hotels,Hotels and motels,Lodging,Motels,Hotel",Accommodation & Food Services,1,5.0
Elmwood Motor Court,Old Orchard Beach,ME,43.50946,-70.40011,"Hotels,Hotels and motels,Lodging,Motels,Hotel",Accommodation & Food Services,2,4.0
Island View Motel,Old Orchard Beach,ME,43.52749,-70.36469,"B&bs / Inns,Hotels and motels,Hotel",Accommodation & Food Services,1,4.0
Hampton Inn-saco/biddeford,Saco,ME,43.52541,-70.44626,"Hotels,Hotels and motels,Hotel and motel reservations,Corporate Lodging,Lodging,Hotel",Accommodation & Food Services,4,4.5
The Lodge At Russell,Russell,KS,38.87145,-98.85518,"Hotels,Hotels and motels,Lodging,Motels,Hotel",Accommodation & Food Services,1,2.0
Residence Inn By Marriott Waldorf,Waldorf,MD,38.63036,-76.91391,"Hotels,Hotels and motels,Hotel and motel reservations,Lodging,Hotel",Accommodation & Food Services,1,5.0
Hampton Inn & Suites Cedar Rapids North,Cedar Rapids,IA,42.0307,-91.65062,"Hotels,Hotels and motels,Corporate Lodging,Lodging,Hotel",Accommodation & Food Services,1,5.0
Hampton Inn & Suites Altoona-des Moines,Altoona,IA,41.66305,-93.46723,"Hotels,Hotels and motels,Corporate Lodging,Lodging,Hotel",Accommodation & Food Services,1,5.0
Drury Inn & Suites Charlotte Northlake,Charlotte,NC,35.34992,-80.84909,"Hotels,Hotels and motels,Hotel and motel reservations,Lodging,Motels,Hotel",Accommodation & Food Services,25,4.76
Best Western Plus Stevenson Manor,Calistoga,CA,38.58398,-122.57573,"Hotels,Hotels and motels,Hotel and motel mgmt.,American restaurants,Lodging,Hotels Motels,Hotel,Restaurants",Accommodation & Food Services,3,4.333333333333333
Super 8-dover,Dover,DE,39.170773,-75.520515,"Hotels and motels,Hotel and motel reservations,Budget Hotels,Tourist Hotels,Lodging,Hotels Motels,Family-friendly Hotels,Business Hotels,Hotel",Accommodation & Food Services,3,2.3333333333333335
Coconut Waikiki Hotel,Honolulu,HI,21.281084,-157.82661,"Condominiums,Hotels,Hotels and motels,Hotel and motel reservations,Resorts,Resort,Lodging,Hotel",Accommodation & Food Services,35,4.257142857142857
Golden North Motel,Fairbanks,AK,64.83452,-147.82867,"Hotels,Hotels and motels,Hotel and motel reservations,Lodging,Motels",Accommodation & Food Services,1,3.0
Aviator Hotel Anchorage,Anchorage,AK,61.21157,-149.87608,"Hotels,Hotels and motels,Lodging,Hotels Motels,Motels,Hotel",Accommodation & Food Services,1,3.0
Simmons Suites,Bentonville,AR,36.38413,-94.17688,"Hotels,Hotels and motels,Hotel Bar,Motels,Hotel",Accommodation & Food Services,1,5.0
Ramada-kingman,Kingman,AZ,35.21297,-114.01386,"Hotels,Travel,Hotels and motels,Hotels Motels,Hotel",Accommodation & Food Services,2,3.5
Westgate Inn & Suites,Clarksville,TN,36.54179,-87.36624,"Hotels,Water Parks and Slides,Hotels and motels,Hotel and motel reservations,Hotels-Apartment,Hotel,Hotel Pool",Accommodation & Food Services,5,3.0
Mainstay Suites-fort Campbell,Clarksville,TN,36.5963,-87.29032,"Hotels,Hotel & Motel Reservations,Hotels and motels,Hotel and motel reservations,Lodging,Accommodations & Lodging,Hotels & Motels,Extended Stay Hotels,Motels",Accommodation & Food Services,1,5.0
Hampton Inn & Suites Brookings,Brookings,SD,44.31067,-96.7555,"Hotels,Hotels and motels,Corporate Lodging,Lodging,Hotel",Accommodation & Food Services,1,5.0
Hampton Inn-athens,Athens,GA,33.95039,-83.41023,"Hotels,Hotels and motels,Corporate Lodging,Lodging,Hotel",Accommodation & Food Services,5,4.4
Chalet Inn,Gatlinburg,TN,35.7106,-83.52403,"Hotels,Hotels and motels,Hotel and motel reservations,Lodging,Hotels Motels,Motels,Hotel",Accommodation & Food Services,2,3.0
Travelodge-beckley,Beckley,WV,37.7889,-81.2117,"Hotels,Hotels and motels,Hotel and motel reservations,Hotels Motels,Hotel",Accommodation & Food Services,2,3.0
Plantation Inn & Suites,Jane Lew,WV,39.098763,-80.3915,"Hotels,Hotels and motels,Hotel and motel reservations,Corporate Lodging,Lodging,Bed & Breakfast & Inns,Motels,Hotel",Accommodation & Food Services,3,3.0
Roscoe Motor Inn,Coshocton,OH,40.26929,-81.87704,"Hotels,Bed and Breakfast and Inns,Hotels and motels,Lodging,Hotels Motels,Motels,Hotels & Motels,Hotel",Accommodation & Food Services,1,2.0
Hampton Inn-elkhorn,Elkhorn,WI,42.695164,-88.54378,"Hotels,Hotels and motels,Corporate Lodging,Hotel and Gym / Fitness Center,Lodging,Bed & Breakfast & Inns,Hotel",Arts Entertainment & Recreation,6,4.166666666666667
Holiday Inn Express & Suites Fond Du Lac,Fond du Lac,WI,43.75597,-88.475136,"Hotels and motels,Hotel",Accommodation & Food Services,3,4.0
Copperleaf Hotel,Appleton,WI,44.26216,-88.40905,"Hotels,Hotels and motels,Hotel and motel reservations,Lodging,Hotels Motels,Motels,Hotel",Accommodation & Food Services,2,4.5
Best Western Appleton Inn,Appleton,WI,44.261,-88.4536,"Hotels and motels,Hotel and motel mgmt.,Hotels Motels",Accommodation & Food Services,3,4.0
Hampton Inn & Suites Bend,Bend,OR,44.04403,-121.32173,"Hotels,Hotels and motels,Corporate Lodging,Lodging,Hotel",Accommodation & Food Services,3,4.666666666666667
Chalet Motel,Bend,OR,44.04478,-121.30175,"Hotels,Hotels and motels,Lodging,Motels,Hotel",Accommodation & Food Services,1,4.0
Hampton Inn-janesville,Janesville,WI,42.7283,-88.99373,"Hotels,Hotels and motels,Corporate Lodging,Lodging,Hotel",Accommodation & Food Services,4,4.75
Riverside Inn,Grants Pass,OR,42.4311,-123.3325,"Hotels,Hotels and motels,Resorts,Hotel and motel reservations,Lodging,Hotels Motels,Motels,Bed & Breakfast & Inns,Hotel",Accommodation & Food Services,5,4.4
Motel Del Rogue,Grants Pass,OR,42.42488,-123.28828,"Hotels,Hotels and motels,Lodging,Hotels Motels,Motels,Hotel",Accommodation & Food Services,2,4.0
Staybridge Suites Chantilly Dulles Airport,Chantilly,VA,38.8992,-77.42921,"Hotels,Hotel, Conference Room, and Meeting Room,Hotels and motels,Hotel",Accommodation & Food Services,5,4.0
Staybridge Suites El Paso Airport Area,El Paso,TX,31.77836,-106.39386,"Hotels and motels,Budget Hotels,Lodging,Extended Stay,Family-Friendly Hotels,Weekend Getaway Hotels,Conference Room,Tourist Hotels,Meeting Room,Hotels & Motels,Hotel,Beach Hotels,Business Hotels",Accommodation & Food Services,1,5.0
Holiday Inn Express Washington Dc Sw - Springfield,Springfield,VA,38.7807,-77.1829,"Family-Friendly Hotels,Hotels and motels,Resorts,Budget Hotels,Weekend Getaway Hotels,Tourist Hotels,Lodging,Hotels Motels,Hotel,Beach Hotels,Business Hotels",Accommodation & Food Services,1,3.0
Century Hotel,Tualatin,OR,45.38189,-122.76094,"Hotels,Hotels and motels,Hotel and motel reservations,Lodging,Motels,Hotel",Accommodation & Food Services,2,4.5
Best Western University Inn & Suites,Forest Grove,OR,45.52033,-123.07692,"Hotels,Hotels and motels,Travel and Tourism,Hotel and motel mgmt.,Lodging,Hotels Motels,Hotel",Accommodation & Food Services,2,5.0
University Inn Corvallis,Corvallis,OR,44.56205,-123.26366,"Hotels,Hotels and motels,Lodging,Motels,Hotel",Accommodation & Food Services,1,5.0
La Quinta Inn & Suites Corsicana,Corsicana,TX,32.100357,-96.44006,"Bed Breakfasts,Office and loft buildings,Hotels and motels,Budget Hotels,Apartment Hotels,Business Services,Lodging,Family-friendly Hotels,Hotels,Travel,Extended Stay,Hotel and motel reservations,Weekend Getaway Hotels,Tourist Hotels,Hotels Motels,Beach Hotels,Business Hotels,Hotel",Accommodation & Food Services,2,5.0
Americas Best Value Inn-corpus Christi North/airport,Corpus Christi,TX,27.80167,-97.48389,"Hotels,Hotels and motels,Lodging,Motels,Hotel",Accommodation & Food Services,2,2.0
La Quinta Inn & Suites Dallas Grand Prairie South,Grand Prairie,TX,32.67507,-97.0321,"Office and loft buildings,Hotels and motels,Budget Hotels,Apartment Hotels,Lodging,Luxury Hotels,Family-friendly Hotels,Travel,Extended Stay,Hotel and motel reservations,Weekend Getaway Hotels,Tourist Hotels,Hotels Motels,Hotels & Motels,Hotel,Beach Hotels,Business Hotels",Accommodation & Food Services,4,4.25
Holiday Inn Express & Suites Amarillo West,Amarillo,TX,35.191731,-101.935261,"Hotel & Motel Reservations,Hotels and motels,Budget Hotels,Resorts,Meeting Facilities,Lodging,Accommodations & Lodging,Motels,Accommodation Reservations,Hotels,Family-Friendly Hotels,Weekend Getaway Hotels,Wedding Sites,Tourist Hotels,Hotels & Motels,Business Hotels,Hotel,Beach Hotels",Accommodation & Food Services,7,4.714285714285714
Budget Inn,Panhandle,TX,35.33854,-101.37998,"Hotels,Hotels and motels,Lodging,Motels,Hotel",Accommodation & Food Services,9,2.0
Quality Inn & Suites Nj State Capital Area,Morrisville,PA,40.20745,-74.7753,"Hotels,Hotels and motels,Motels,Hotel,Lodges",Accommodation & Food Services,5,3.6
Alpine Motel,Abingdon,VA,36.71427,-81.94195,"Hotels,Hotels and motels,Travel and Tourism,Lodging,Motels,Hotel",Accommodation & Food Services,3,3.6666666666666665
Historic Hotel Bethlehem,Bethlehem,PA,40.619873,-75.382225,"Hotels and motels,Hotels Motels,Hotel",Accommodation & Food Services,1,4.0
Avalon Hotel & Conference Center,Erie,PA,42.125428,-80.082948,"Hotels,Hotels and motels,American restaurants,Karaoke,Hotel,Restaurants",Accommodation & Food Services,6,2.8333333333333335
Pike Motel,Carlisle,PA,40.22254,-77.15926,"Hotels,Hotels and motels,Lodging,Motels,Hotel",Accommodation & Food Services,1,3.0
Best Western Plus Clearfield,Clearfield,PA,41.035479,-78.400927,"Hotels,Hotels and motels,Hotel and motel mgmt.,Hotels Motels",Accommodation & Food Services,3,4.0
Radisson Hotel Valley Forge,King of Prussia,PA,40.09728,-75.416885,"Hotels,Hotels and motels,Hotel and motel reservations,Resorts,American restaurants,Karaoke,Banquet facilities,Restaurants,Hotel",Accommodation & Food Services,2,5.0
National Trail Motel,Markleysburg,PA,39.77748,-79.50026,"Hotels,Hotels and motels,Motels,Hotel",Accommodation & Food Services,1,4.0
Hotel Warner,West Chester,PA,39.961011,-75.605662,"Hotels,Hotels and motels,Hotel and motel reservations,Lodging,Motels,Hotel",Accommodation & Food Services,3,4.666666666666667
Heritage Suites,Bradford,PA,41.912964,-78.64178,"Hotels,Hotels and motels,Hotel and motel mgmt.,Lodging,Hotels Motels,Hotel",Accommodation & Food Services,1,4.0
America's Best Value Inn,Washington,PA,40.16529,-80.27335,"Hotels,Hotels and motels,Lodging,Motels,Hotel",Accommodation & Food Services,5,2.0
Central Park Hotel,Benton,PA,41.29735,-76.37285,"Hotels,Restaurant,Hotels and motels,Hotels Motels,Restaurants,Hotel",Accommodation & Food Services,1,5.0
Comfort Inn-lehigh Valley West,Allentown,PA,40.58418,-75.62523,"Hotels,Hotels and motels,Corporate Lodging,Lodging,Motels,Hotel",Accommodation & Food Services,1,3.0
Hampton Inn & Suites Philadelphia Montgomeryville,North Wales,PA,40.23447,-75.23658,"Hotels,Hotels and motels,Hotel and motel reservations,Corporate Lodging,Lodging,Hotel",Accommodation & Food Services,3,5.0
Days Inn & Suites Milwaukee Airport,Milwaukee,WI,42.92927,-87.93034,"Hotels,Hotels and motels,Hotels Motels,Banquet facilities,Hotel",Accommodation & Food Services,8,2.375
Fairway Inn,Elkhart,IN,41.7344,-85.975488,"Hotels,Hotels and motels,Hotel and motel reservations,Lodging,Hotels Motels,Hotel",Accommodation & Food Services,2,2.5
Cooper Hill Inn,East Dover,VT,42.9556,-72.8101,"Hotels and motels,Hotel and motel reservations,Hotels Motels,Hotels & Motels,Hotel",Accommodation & Food Services,1,5.0
Comfort Suites-elgin,Elgin,IL,42.093964,-88.33668,"Hotels,Hotels and motels,Corporate Lodging,Lodging,Motels,Hotel",Accommodation & Food Services,1,4.0
Red Roof Plus+ Long Island-garden City,Westbury,NY,40.7386,-73.603,"Hotels,Extended Stay,Hotels and motels,Budget Hotels,Weekend Getaway Hotels,Tourist Hotels,Hotels Motels,Family-friendly Hotels,Hotel,Business Hotels",Accommodation & Food Services,5,5.0
Mattituck Motel,Mattituck,NY,40.98069,-72.53356,"Hotels,Hotels and motels,Lodging,Hotels Motels,Motels,Hotel",Accommodation & Food Services,1,5.0
Best Western Tomah Hotel,Tomah,WI,44.019628,-90.491579,"Hotels,Extended Stay,Resorts,Cottages,Lodging,Hotels Motels,Hotel",Accommodation & Food Services,7,4.428571428571429
Residence Inn Springfield South,Springfield,IL,39.76966,-89.610649,"Travel & Transport,Hotels & Motels,Hotel",Accommodation & Food Services,1,5.0
The Pecos Trail Inn,Santa Fe,NM,35.648329,-105.93345,"Hotels,Hotels and motels,Lodging,Motels,Restaurants,Hotel",Accommodation & Food Services,1,5.0
Baymont Inn & Suites Bowling Green,Bowling Green,KY,36.9319,-86.417,"Hotels,Hotels and motels,Lodging,Hotels Motels,Hotel",Accommodation & Food Services,6,2.6666666666666665
Best Western Harker Heights,Harker Heights,TX,31.07802,-97.65605,"Hotels,Hotels and motels,Hotel and motel reservations,Lodging,Hotel",Accommodation & Food Services,1,3.0
Holiday Inn Express & Suites Florence I-95 & I-20 Civic Ctr,Florence,SC,34.186223,-79.838427,"Hotels,Family-Friendly Hotels,Hotels and motels,Budget Hotels,Resorts,Weekend Getaway Hotels,Tourist Hotels,Lodging,Hotels & Motels,Hotel,Business Hotels,Beach Hotels",Accommodation & Food Services,5,4.6
Aloft Greenville Downtown,Greenville,SC,34.85152,-82.39978,"Hotels,Hotels and motels,Hotel Downtown Greenville,Lodging,Hotel",Accommodation & Food Services,1,5.0
Drury Inn & Suites St Louis Fenton,Fenton,MO,38.54174,-90.46675,"Hotels,Bed and Breakfast and Inns,Hotels and motels,Hotel and motel reservations,Budget Hotels,Tourist Hotels,Lodging,Hotels Motels,Motels,Family-friendly Hotels,Hotel,Business Hotels",Accommodation & Food Services,1,5.0
Holiday Inn Express & Suites Butte,Butte,MT,45.9857,-112.5083,"Hotels and motels,Budget Hotels,Lodging,Family-friendly Hotels,Motels,Hotels,Hotel and motel reservations,Weekend Getaway Hotels,Tourist Hotels,Hotel and Meeting Room,Hotels Motels,Conference Convention Centers,Beach Hotels,Business Hotels",Accommodation & Food Services,2,4.0
La Quinta Inn & Suites Butte,Butte,MT,45.9837,-112.5027,"Bed Breakfasts,Office and loft buildings,Hotels and motels,Budget Hotels,Apartment Hotels,Business Services,Lodging,Family-friendly Hotels,Travel,Extended Stay,Hotel and motel reservations,Weekend Getaway Hotels,Tourist Hotels,Hotels Motels,Hotels & Motels,Beach Hotels,Business Hotels,Hotel",Accommodation & Food Services,5,4.4
Best Western Plus Chalmette Hotel,Chalmette,LA,29.950949,-89.960338,"Hotels,Hotels and motels,Travel and Tourism,Hotel and motel mgmt.,Lodging,Hotels Motels,Motels,Hotel",Accommodation & Food Services,1,5.0
Schweich's Hotel Bar & Restaurant,Kenyon,MN,44.27235,-92.9862,"Hotels,Restaurant,Hotels and motels,Hotel and motel reservations,Lodging,Restaurants,Hotel",Accommodation & Food Services,2,4.5
Homewood Suites By Hilton Lancaster,Lancaster,CA,34.701126,-118.172455,"Hotels and motels,Hotel and motel reservations,Hotel",Accommodation & Food Services,1,5.0
Super 8 Monticello,Monticello,MN,45.29393,-93.80017,"Hotels,Hotels and motels,Hotel and motel reservations",Accommodation & Food Services,3,2.6666666666666665
Holiday Inn Express & Suites Austin South,Austin,TX,30.201,-97.7694,"Hotels,Hotels and motels,Budget Hotels,Weekend Getaway Hotels,Tourist Hotels,Lodging,Hotels Motels,Family-friendly Hotels,Beach Hotels,Business Hotels,Hotel",Accommodation & Food Services,3,4.666666666666667
Motel 6-albert Lea,Albert Lea,MN,43.65476,-93.34112,"Hotels,Hotels and motels,Lodging,Motels,Hotel",Accommodation & Food Services,6,2.3333333333333335
Mark Twain Hotel,Peoria,IL,40.693375,-89.58752,"Hotels,Hotel and motel consultants,Hotels and motels,Hotel & Motel Consultants,Hotel",Accommodation & Food Services,4,4.5
Red Roof Inn & Suites Dekalb,DeKalb,IL,41.9303,-88.77633,"Hotels,Hotels and motels,Hotel and motel mgmt.,Lodging,Motels,Hotel",Accommodation & Food Services,2,3.5
Drury Inn St Louis Collinsville,Collinsville,IL,38.68394,-90.01067,"Hotels,Hotels and motels,Hotel and motel reservations,Corporate Lodging,Lodging,Motels,Hotel",Accommodation & Food Services,1,4.0
Best Western-woodstock Inn,Woodstock,IL,42.30298,-88.43337,"Hotels,Hotels and motels,Travel & Transport,Hotel and motel mgmt.,Lodging,Hotels & Motels,Hotel",Accommodation & Food Services,4,4.5
Aloft Bolingbrook,Bolingbrook,IL,41.71412,-88.03888,"Hotels,Hotels and motels,Travel agencies and bureaus,Lodging,Hotel",Accommodation & Food Services,1,5.0
Comfort Suites-regency Park,Cary,NC,35.739197,-78.786698,"Hotels,Hotels and motels,Hotel and motel reservations,Corporate Lodging,Lodging,Motels,Hotel",Accommodation & Food Services,3,4.333333333333333
Four Points By Sheraton Chicago O'hare Airport,Schiller Park,IL,41.955927,-87.883266,"Hotels and motels,Travel & Transport,Hotels Motels,Hotels & Motels,Hotel",Accommodation & Food Services,1,4.0
Alpine Inn,Rockford,IL,42.265007,-89.03038,"Hotels and motels,Hotel and Resort,Hotel",Accommodation & Food Services,3,4.0
Drury Plaza Hotel Nashville Franklin,Franklin,TN,35.93352,-86.82154,"Hotels,Bed and Breakfast and Inns,Hotels and motels,Hotel and motel reservations,Hotel Bar,Lodging,Motels,Hotel",Accommodation & Food Services,6,5.0
Hilton Garden Inn Bettendorf/quad Cities,Bettendorf,IA,41.53887,-90.51887,"Hotels,Hotels and motels,Hotel and motel reservations,Lodging,Hotel,Restaurants",Accommodation & Food Services,1,3.0
Island Country Inn,Bainbridge Island,WA,47.6331,-122.517,"Hotels,Hotels and motels,Motel,Hotels Motels,Hotel",Accommodation & Food Services,3,2.0
BEST WESTERN PLUS Walla Walla Suites Inn,Walla Walla,WA,46.07083,-118.34145,"Hotels,Corporate Housing,Convention services and facilities,Hotels and motels,Hotel and motel reservations,Lodging,Meeting facilities,Hotels Motels,Hotel",Accommodation & Food Services,2,5.0
Top's Motel,Heyburn,ID,42.57516,-113.72761,"Hotels,B&bs / Inns,Hotels and motels,Hotel and motel reservations,Lodging,Hotels Motels,Motels,Hotel",Accommodation & Food Services,2,3.0
Best Western Plus Newark/christiana Inn,Bear,DE,39.639038,-75.65063,"Hotels,Hotels and motels,Travel and Tourism,Hotel and motel mgmt.,Lodging,Hotel",Accommodation & Food Services,9,3.7777777777777777
National 9 Inn-sand Canyon,Cortez,CO,37.348564,-108.58912,"Hotels,Hotels and motels,Hotel and motel reservations,Lodging,Bed & Breakfast & Inns,Motels,Hotel",Accommodation & Food Services,1,2.0
Orange City Motel,Orange City,FL,28.9408,-81.2994,"Hotels,Hotels and motels,Lodging,Hotels Motels,Motels,Hotel",Accommodation & Food Services,2,4.5
Riviera Resort & Marina,DeLand,FL,28.99648,-81.36781,"Hotels,Hotels and motels,Hotel and motel reservations,Resorts,Marinas,Lodging,Hotels Motels,Motels,Hotel,Yacht clubs",Accommodation & Food Services,2,5.0
Holiday Inn Resort Fort Walton Beach,Fort Walton Beach,FL,30.396564,-86.59549,"Hotels and motels,Resorts,Karaoke,Restaurants,Hotel",Accommodation & Food Services,6,4.333333333333333
MacRae's Of Homosassa Inc,Homosassa,FL,28.781912,-82.615471,"Hotels and motels,Hotel and motel reservations,Wholesale Fishing Bait,Bait,Fishing bait,Hotels Motels,Hotels & Motels,Hotel","Wholesale Trade,Accommodation & Food Services",1,5.0
Chart House Suites On Clearwater Bay,Clearwater Beach,FL,27.9674,-82.82039,"Hotels and motels,Hotel Clearwater Point,Hotel",Accommodation & Food Services,4,4.5
Behind The Fence Bed & Breakfast Inn,Brandon,FL,27.897234,-82.29956,"Hotels,Hotels and motels,Hotel,Bed and breakfast, inns, etc.",Accommodation & Food Services,1,5.0
Colony Hotel,Palm Beach,FL,26.699856,-80.034656,"Hotels and motels,Hotel",Accommodation & Food Services,4,4.75
Best Western Mulberry Hotel,Mulberry,FL,27.89427,-81.94892,"Hotels,Hotels and motels,Lodging,Hotels Motels,Motels,Hotel",Accommodation & Food Services,2,4.0
Oak Tree Inn,Avon Park,FL,27.58878,-81.51549,"Hotels,Hotels and motels,Lodging,Motels,Hotel",Accommodation & Food Services,1,1.0
Red Roof Plus+& Suites Guilford,Guilford,CT,41.3068,-72.71891,"Extended Stay,Hotels and motels,Hotel and motel reservations,Hotels Motels,Hotel",Accommodation & Food Services,2,4.5
Americas Best Value Inn & Suites Canon City,Ca√±on City,CO,38.44849,-105.21887,"Hotels,Hotels and motels,Hotel and motel reservations,Lodging,Motels,Hotel",Accommodation & Food Services,2,4.0
Grand Inn,Fullerton,CA,33.86098,-117.94123,"Hotels,Hotels and motels,Hotel and motel reservations,Lodging,Motels,Bed & Breakfast & Inns,Hotel",Accommodation & Food Services,2,4.0
Holiday Inn Express & Suites Eureka,Eureka,CA,40.79107,-124.17978,"Hotels and motels,Budget Hotels,Meeting Facilities,Lodging,Family-friendly Hotels,Weekend Getaway Hotels,Wedding Sites,Tourist Hotels,Hotels Motels,Hotels & Motels,Hotel,Beach Hotels,Business Hotels",Accommodation & Food Services,2,5.0
Americas Best Value Inn & Suites-eureka,Eureka,CA,40.80165,-124.17405,"Hotels,Hotels and motels,Hotel and motel reservations,Lodging,Motels,Hotel",Accommodation & Food Services,1,5.0
Super 8-el Centro,El Centro,CA,32.77691,-115.57139,"Hotels,Hotels and motels,Hotels Motels,Hotel",Accommodation & Food Services,4,4.0
Westchester Hotel,Culver City,CA,33.99515,-118.39406,"Hotels,Hotels and motels,Lodging,Motels,Hotel",Accommodation & Food Services,1,1.0
Americas Best Value Inn-rialto,Rialto,CA,34.10627,-117.3777,"Hotels,Hotels and motels,Hotel and motel reservations,Lodging,Motels,Hotel",Accommodation & Food Services,1,1.0
Hotel Sausalito,Sausalito,CA,37.85604,-122.47882,"Hotels,Bed Breakfasts,Hotels and motels,Hotel and motel reservations,Corporate Lodging,Lodging,Hotels Motels,Bed & Breakfast & Inns,Motels,Hotel",Accommodation & Food Services,7,4.285714285714286
Best Western Inn At Palm Springs,Palm Springs,CA,33.80197,-116.54636,"Hotels and motels,Hotel and motel mgmt.,Hotel",Accommodation & Food Services,1,4.0
Best Western-valencia Inn,Valencia,CA,34.4204,-118.581,"Hotels and motels,Hotel and motel reservations,Hotel and motel mgmt.,Hotels Motels,Hotel",Accommodation & Food Services,4,3.5
Best Western Plus Hotel At The Convention Center,Long Beach,CA,33.768402,-118.18625,"Corporate Housing,Hotels and motels,Resorts,Budget Hotels,Hotel Downtown Long Beach,American restaurants,Lodging,Family-friendly Hotels,Restaurants,Hotels,Hotel and motel reservations,Night clubs and live music,Hotel and motel mgmt.,Hotels Motels,Hotel,Banquet facilities,Business Hotels",Accommodation & Food Services,8,4.25
Bancroft Hotel,Berkeley,CA,37.869,-122.25495,"Hotels,Hotels and motels,Hotel and motel reservations,Hotel Southside,Hotel",Accommodation & Food Services,1,4.0
Rancho Tee Motel,Atascadero,CA,35.48774,-120.66625,"Hotels,Hotels and motels,Hotel and motel reservations,Lodging,Motels",Accommodation & Food Services,1,2.0
Desert Inn Motel,Barstow,CA,34.89805,-117.01135,"Hotels,Resorts,Hotels and motels,Lodging,Motels,Hotel",Accommodation & Food Services,2,3.0
Beach Comber Inn,Pismo Beach,CA,35.13877,-120.64114,"Hotels,Bed and Breakfast and Inns,Hotels and motels,Hotel and motel reservations,Lodging,Hotels Motels,Motels,Hotels & Motels,Hotel",Accommodation & Food Services,1,5.0
Seacrest Oceanfront Hotel,Pismo Beach,CA,35.14796,-120.649605,"Hotels,Hotels and motels,Hotel and motel reservations,Resorts,Lodging,Hotel",Accommodation & Food Services,41,4.512195121951219
Lincoln Plaza Hotel,Monterey Park,CA,34.061829,-118.121171,"Hotels,Hotels and motels,Hotel",Accommodation & Food Services,7,2.5714285714285716
Aztec Hotel,Monrovia,CA,34.15157,-118.00577,"Bar,Hotels and motels,Hotel",Accommodation & Food Services,2,1.0
Chariot Inn,Glendale,CA,34.14227,-118.241,"Hotels,Hotels and motels,Lodging,Motels,Hotel",Accommodation & Food Services,2,3.5
Pasea Hotel & Spa,Huntington Beach,CA,33.6551537,-117.9990691,"Hotels,Hotels and motels,Hotel",Accommodation & Food Services,2,4.5
Courtyard by Marriott Scottsdale Salt River,Scottsdale,AZ,33.51318,-111.89154,"Hotels,Corporate Lodging,Lodging,Motels,Hotel",Accommodation & Food Services,2,5.0
Hampton Inn & Suites St. Louis/South I-55,Saint Louis,MO,38.468864,-90.32139,"Hotels,Hotels and motels,Corporate Lodging,Lodging,Hotel",Accommodation & Food Services,2,5.0
Hampton Inn & Suites Palestine,Palestine,TX,31.73313,-95.6215,"Hotels,Corporate Lodging,Lodging,Hotel",Accommodation & Food Services,6,5.0
Hotel Sutter,Sutter Creek,CA,38.39351,-120.80292,"Restaurant,Hotels and motels,Hotel and motel reservations,American restaurants,Hotels Motels,Hotels & Motels,Restaurants,Hotel",Accommodation & Food Services,4,4.0
The Chocolate Turtle Bed & Breakfast,Corrales,NM,35.224602,-106.642502,"Hotels Motels,Hotels & Motels,Bed and Breakfast,Hotel",Accommodation & Food Services,7,4.714285714285714
The Varden Hotel,Long Beach,CA,33.77123,-118.19394,"Hotels,Hotels and motels,Hotel and motel reservations,Hotel Downtown Long Beach,Corporate Lodging,Lodging,Bed & Breakfast & Inns,Motels,Hotel",Accommodation & Food Services,14,4.785714285714286
Hotel Del Flores,Beverly Hills,CA,34.071434,-118.40001,"Hotels,Hotels and motels,Hotel and motel reservations,Hotel West Los Angeles,Lodging,Motels",Accommodation & Food Services,2,1.0
Park City Peaks Hotel,Park City,UT,40.66722,-111.51419,"Hotels,Hotel and motel consultants,Hotels and motels,Hotel and motel reservations,Lodging,Hotels-Apartment,Luxury Hotels,Hotels Motels,Motels,Hotel",Accommodation & Food Services,1,3.0
American Inn,Elko,NV,40.82859,-115.77209,"Hotels,Bed and Breakfast and Inns,Hotel and motel consultants,Hotels and motels,Lodging,Hotels Motels,Motels,Hotel",Accommodation & Food Services,1,4.0
The Charles Hotel,Cambridge,MA,42.372406,-71.12297,"Budget Hotels,Hotels and motels,Breakfast & Brunch,Lodging,Luxury Hotels,Family-friendly Hotels,Hotels,Banquet Rooms,Restaurant,Travel,Hotel Harvard Square,Boutique Hotels,Weekend Getaway Hotels,Tourist Hotels,Hotels Motels,Hotels & Motels,Hotel,Business Hotels,Banquet facilities",Accommodation & Food Services,13,4.6923076923076925
Hotel Red,Madison,WI,43.06755,-89.41261,"Hotels,Hotels and motels,Hotel and motel reservations,American restaurants,Lodging,Hotels Motels,Motels,Hotel,Restaurants",Accommodation & Food Services,12,4.5
Atlantis Oceanfront Inn,Gloucester,MA,42.606773,-70.63355,"Hotels and motels,Hotel and motel reservations,Hotel",Accommodation & Food Services,8,4.5
Longwood Inn,Brookline,MA,42.340454,-71.11488,"Boutique Hotels,Extended Stay,Hotels and motels,Hotel and motel reservations,Weekend Getaway Hotels,Tourist Hotels,Hotels Motels,Hotel Coolidge Corner,Family-friendly Hotels,Hotel",Accommodation & Food Services,3,4.333333333333333
Plaza Motel,Peabody,MA,42.5338,-70.9896,"Hotels,Travel,Hotels and motels,Hotel and motel reservations,Travel and Tourism,Lodging,Hotels Motels,Bed & Breakfast & Inns,Motels,Hotel",Accommodation & Food Services,1,1.0
Lyttleton Inn,Littleton,MA,42.54463,-71.47637,"Hotels and motels,Hotel",Accommodation & Food Services,3,5.0
Beverly Garden Suites,Beverly,MA,42.58464,-70.88503,"Hotels,Hotels and motels,Hotel and motel reservations,Lodging,Motels,Hotel",Accommodation & Food Services,2,5.0
Best Western Springfield West Inn,West Springfield,MA,42.1176,-72.6242,"Hotels,Hotels and motels,Hotel and motel reservations,Lodging,Hotels Motels,Hotel",Accommodation & Food Services,3,4.333333333333333
Hampton Inn-seattle/everett,Everett,WA,47.97802,-122.21388,"Hotels,Hotels and motels,Corporate Lodging,Lodging,Hotel",Accommodation & Food Services,2,4.0
Hotel Aiken,Aiken,SC,33.56113,-81.72195,"Hostel,Hotels,Hotels and motels,Hotel and motel reservations,American restaurants,Lodging,Hotels Motels,Motels,Hotel,Restaurants,Lounges",Accommodation & Food Services,6,3.0
Super 8 Delavan Near Lake Geneva,Delavan,WI,42.6254,-88.6257,"Hotels and motels,Budget Hotels,Hotels Motels,Hotels & Motels,Hotel",Accommodation & Food Services,1,1.0
Campus Inn Motel,Baraboo,WI,43.47777,-89.76794,"Hotels,Hotels and motels,Hotel and motel reservations,Lodging,Hotel",Accommodation & Food Services,1,3.0
Admiral Hotel,Arlington,TX,32.77319461,-97.06349122,"Hotels and motels,Hotel North Arlington,Hotel",Accommodation & Food Services,1,2.0
Staybridge Suites Omaha 80th And Dodge,Omaha,NE,41.261265,-96.03644,"Hotel and motel consultants,Hotels and motels,Budget Hotels,Travel and Tourism,Corporate Lodging,Lodging,Hotel, Conference Room, and Meeting Room Central Omaha,Banquet Halls & Reception Facilities,Luxury Hotels,Family-friendly Hotels,Bed and Breakfast,Motels,Hotels,Extended Stay,Hotel and motel reservations,Hotels and Lodging,Weekend Getaway Hotels,Tourist Hotels,Hotels Motels,Beach Hotels,Business Hotels,Hotel",Accommodation & Food Services,1,4.0
Holiday Inn Express & Suites Bethlehem,Bethlehem,PA,40.593613,-75.338486,"Hotels and motels,Budget Hotels,Resorts,Lodging,Family-friendly Hotels,Hotels,Hotel and motel reservations,Weekend Getaway Hotels,Tourist Hotels,Hotels Motels,Hotel,Beach Hotels,Business Hotels",Accommodation & Food Services,7,4.285714285714286
Best Western Riverview Inn & Suites,Rahway,NJ,40.6041,-74.2627,"Hotels,Hotels and motels,Hotel Motel & Resort Reservations,Hotel and motel mgmt.,American restaurants,Lodging,Hotels Motels,Motels,Restaurants",Accommodation & Food Services,1,3.0
Best Western Plus Murray Hill Hotel & Suites,New Providence,NJ,40.6991,-74.4034,"Hotels,Hotels and motels,Hotel and motel mgmt.,Lodging,Hotels Motels,Motels,Hotel",Accommodation & Food Services,1,5.0
Red Roof Inn Cleveland-medina,Medina,OH,41.13805,-81.79652,"Hotels,Hotels and motels,Hotels Motels,Hotel",Accommodation & Food Services,5,3.0
Candlewood Suites Somerset,Somerset,NJ,40.52949,-74.51853,"Hotels,Hotels and motels,Hotel and motel reservations,Conference Room,Meeting Room,Hotel",Accommodation & Food Services,5,2.6
Best Western Kenosha Inn,Broken Arrow,OK,36.0628,-95.7756,"Hotels and motels,Travel and Tourism,Hotel and motel mgmt.,Hotels Motels,Hotel",Accommodation & Food Services,2,4.5
Motel 6 Jaiden & Jiya LLC,Elk City,OK,35.42172,-99.3762,"Hotels,Hotels and motels,Hotel and motel reservations,Lodging",Accommodation & Food Services,2,2.0
Beavers Bend Lodging,Broken Bow,OK,34.11123,-94.73979,"Hotels,Hotels and motels,Lodging,Hotels Motels,Motels,Hotel",Accommodation & Food Services,1,5.0
Seven Gables Inn,Saint Louis,MO,38.6512,-90.339,"Hotels,Caterers,Hotels and motels,American restaurants,Hotels Motels,Hotels & Motels,Hotel,Restaurants",Accommodation & Food Services,4,4.75
Aloft Durham Downtown,Durham,NC,35.99286,-78.90429,"Hotels,Hotels and motels,Travel and Tourism,Lodging,Motels,Hotel Bull Durham,Hotel",Accommodation & Food Services,2,4.5
Carter Lodge,Chimney Rock,NC,35.4394,-82.2473,"Hotels,Hotels and motels,Resorts,Hotels Motels,Hotel",Accommodation & Food Services,1,4.0
Comfort Suites Outlet Center,Asheville,NC,35.5268,-82.6059,"Hotels,Hotels and motels,American restaurants,Hotels Motels,Restaurants,Hotel",Accommodation & Food Services,5,3.8
M -37 Motel,Newaygo,MI,43.4198,-85.759384,"Hotels,Hotels and motels,Lodging,Motels,Hotel",Accommodation & Food Services,1,3.0
Schleichers Landing,Cassville,WI,42.762052,-91.057274,"Resorts,Campground,Campgrounds,Hotels Motels,travel,Hotels & Motels,Hotel",Accommodation & Food Services,1,1.0
Sleep inn,Summerville,SC,33.038757,-80.153916,"Hotels,Corporate Lodging,Lodging,Hotels Motels,Motels,Hotel",Accommodation & Food Services,1,3.0
Microtel Inn Suites by Wyndham Marietta,Marietta,OH,39.408594,-81.428717,"Hotels,Budget Hotels,Tourist Hotels,Hotels Motels,Family-friendly Hotels,Hotels & Motels,Hotel,Business Hotels",Accommodation & Food Services,7,4.428571428571429
Days Inn St. Louis - Lindbergh Boulevard,Saint Louis,MO,38.552489,-90.40623,"Hotels,Hotel",Accommodation & Food Services,6,4.166666666666667
America's Best Inn Suites,Norcross,GA,33.911578,-84.204094,"Hotels and motels,Hotel",Accommodation & Food Services,1,1.0
InterContinental San Francisco,San Francisco,CA,37.78205,-122.404736,"Resort,Budget Hotels,Resorts,Spa,Lodging,Luxury Hotels,Family-friendly Hotels,Hotels,Restaurant,Motel Hotel Consultants,Weekend Getaway Hotels,Motel & Hotel Consultants,Conference Room,Tourist Hotels,Hotels Motels,Hotels & Motels,Hotel,Beach Hotels,Business Hotels",Accommodation & Food Services,30,4.633333333333334
Appletree Inn,Independence,KS,37.225001,-95.708515,"Building,Bed Breakfasts,Hotels,Apartment Hotels,Inns,Lodging,Hotels Motels,Hotels-Apartment,Extended Stay Hotels,Bed & Breakfast & Inns,Motels,Hotel",Accommodation & Food Services,1,4.0
Holiday Inn Express Baltimore-Bwi Airport West,Hanover,MD,39.160149,-76.711776,"Hotels,Hotel",Accommodation & Food Services,35,4.228571428571429
Hyatt Regency Sacramento,Sacramento,CA,38.577485,-121.490905,"Family-Friendly Hotels,Budget Hotels,Weekend Getaway Hotels,Motel & Hotel Consultants,Tourist Hotels,Lodging,Luxury Hotels,Hotels & Motels,Hotel,Business Hotels",Accommodation & Food Services,1,5.0
Courtyard by Marriott Newport News Airport,Newport News,VA,37.114,-76.505793,"Hotels,Hotels and motels,Corporate Lodging,Airports,Lodging,Motels,Hotel",Accommodation & Food Services,1,5.0
Drury Inn Suites St. Louis Convention Center,Saint Louis,MO,38.631209,-90.188329,"Hotels,Hotels and motels,Hotel and motel reservations,Lodging,Motels,Hotel Downtown East,Hotel",Accommodation & Food Services,3,5.0
Holiday Inn Express Suites Deming Mimbres Valley,Deming,NM,32.273999,-107.717523,"Family-Friendly Hotels,Budget Hotels,Weekend Getaway Hotels,Tourist Hotels,Lodging,Hotels & Motels,Hotel,Beach Hotels,Business Hotels",Accommodation & Food Services,3,4.666666666666667
Holiday Inn Express Suites Clinton,Clinton,OK,35.496542,-98.98414,"Breakfast Spot,Hotels and motels,Resorts,Budget Hotels,Weekend Getaway Hotels,Tourist Hotels,Lodging,Hotels Motels,Family-friendly Hotels,Hotel,Beach Hotels,Business Hotels",Accommodation & Food Services,2,4.5
Drury Inn Suites Dayton North,Dayton,OH,39.843264,-84.191354,"Hotels,Hotels and motels,Hotel and motel reservations,Lodging,Hotels Motels,Motels,Bed & Breakfast & Inns,Hotel",Accommodation & Food Services,7,4.714285714285714
Hotel Prince Spafford,Brooklyn,NY,40.618735,-74.032482,"Hotels,Hotel",Accommodation & Food Services,1,1.0
Sleep Inn,Fayetteville,NC,35.009593,-78.826744,"Hotels,Budget Hotels,Corporate Lodging,Tourist Hotels,Lodging,Hotels Motels,Motels,Family-friendly Hotels,Hotels & Motels,Hotel,Business Hotels",Accommodation & Food Services,16,3.8125
Fairfield Inn Corbin,Corbin,KY,36.976312,-84.112884,"Hotels Motels,Hotels & Motels,Hotel",Accommodation & Food Services,2,3.0
Howard Johnson Express Inn/Airport,Louisville,KY,38.1918,-85.743085,"Hotels,Budget Hotels,Hotels Motels,Hotel",Accommodation & Food Services,5,1.8
Budget Inn of America,Medford,OR,42.32351,-122.869103,"Hotels,Budget Hotels,Lodging,Hotels Motels,Motels,Hotel",Accommodation & Food Services,1,4.0
Solvang Inn Cottages,Solvang,CA,34.59591,-120.144447,"Hotels and motels,Hotel and motel reservations,Hotels Motels,Hotels & Motels,Hotel,Rental Services",Accommodation & Food Services,2,3.5
Garrison Inn,Newburyport,MA,42.810971,-70.873691,"Hotels and motels,Hotel",Accommodation & Food Services,1,3.0
Portland Harbor Hotel,Portland,ME,43.655492,-70.255278,"Hotels,Lodging,Motels,Hotel",Accommodation & Food Services,1,4.0
Courtyard by Marriott Houston Brookhollow,Houston,TX,29.809349,-95.444089,"Hotels,Resort,Motel,Hotel",Accommodation & Food Services,11,3.8181818181818183
DoubleTree by Hilton Hotel Washington DC - Silver Spring,Silver Spring,MD,38.998349,-77.026281,"Hotels,Hotel",Accommodation & Food Services,42,4.071428571428571
Best Western Plus Glenview-Chicagoland Inn Suites,Glenview,IL,42.087938,-87.868059,"Corporate Housing,Hotels,Hotels and motels,Travel & Transport,Hotel and motel mgmt.,Lodging,Hotels Motels,Hotels & Motels,Motels,Hotel",Accommodation & Food Services,7,4.714285714285714
SpringHill Suites Coeur d'Alene,Coeur d'Alene,ID,47.697971,-116.808477,"Hotels,Lodging,Coeur D'alene Hotels,Motels,Hotel",Accommodation & Food Services,3,5.0
Days Inn Baltimore South/Glen Burnie,Glen Burnie,MD,39.197683,-76.614455,"Hotels,Hotels and motels,Hotel",Accommodation & Food Services,42,3.1904761904761907
Holiday Inn Express Portland Se - Clackamas Area,Gladstone,OR,45.380906,-122.582158,"Hotels,Hotels and motels,Hotel",Accommodation & Food Services,5,3.4
Circa 39 Hotel,Miami Beach,FL,25.812,-80.12359,"Hotels,Hotel",Accommodation & Food Services,3,4.333333333333333
Days Inn Columbus East,Reynoldsburg,OH,39.937776,-82.829242,"Hotels,Hotel",Accommodation & Food Services,2,4.5
Hilton Garden Inn BWI Airport,Linthicum Heights,MD,39.210072,-76.677158,"Hotels,Hotel",Accommodation & Food Services,41,4.439024390243903
Holiday Inn Express and Suites,Farmington,NM,36.720617,-108.181824,"Hotels,Family-Friendly Hotels,Corporate Lodging,Tourist Hotels,Banquet Halls & Reception Facilities,Lodging,Hotels & Motels,Hotel",Accommodation & Food Services,1,4.0
Alamo Motel,Los Alamos,CA,34.744339,-120.278909,"Hotels and motels,Hotel and motel reservations,Motel,Hotels Motels,Hotel",Accommodation & Food Services,1,3.0
Howard Johnson Marina at Monterey Bay,Marina,CA,36.680057,-121.784975,"Hotels and motels,Hotel and motel reservations,Hotel",Accommodation & Food Services,1,4.0
Hampton Inn Orlando-Maingate South,Davenport,FL,28.235918,-81.650351,"Hotels and motels,Hotels Motels,Hotels & Motels,Hotel",Accommodation & Food Services,2,4.5
The L.A. Hotel Downtown,Los Angeles,CA,34.054883,-118.255312,"Hotels,Meeting Room,Hotel",Accommodation & Food Services,2,4.0
Best Western Dutch Valley Inn,New Philadelphia,OH,40.491773,-81.471361,"Hotels,Lodging,Hotels Motels,Hotel",Accommodation & Food Services,4,4.75
Red Roof Inn Hampton Coliseum Convention Center,Hampton,VA,37.0385,-76.38656,"Hotels,Motel,General Travel,Hotel",Accommodation & Food Services,25,2.52
Comfort Suites,Chincoteague Island,VA,37.936369,-75.373772,"Hotels,Corporate Lodging,Lodging,Motels,Hotel",Accommodation & Food Services,76,4.2105263157894735
McMenamins Kennedy School,Portland,OR,45.564565,-122.630046,"Hotels,Bar,Hotel,Movie Theater",Accommodation & Food Services,7,4.707142857142857
hampton inn Springfield southeast,Springfield,MO,37.155323,-93.225773,"Hotels,Corporate Lodging,Lodging,Hotel",Accommodation & Food Services,2,5.0
Hilton Garden Inn Myrtle Beach/Coastal Grand Mall,Myrtle Beach,SC,33.701745,-78.927972,"Hotels,Lodging,Accommodations & Lodging,Hotel",Accommodation & Food Services,1,5.0
Holiday Inn Express Suites Denver Sw-Littleton,Littleton,CO,39.580333,-105.141033,"Hotels,Hotels and motels,Hotel and Meeting Room,Meeting Room,Hotel",Accommodation & Food Services,1,4.0
Red Roof Inn Detroit - Southfield,Southfield,MI,42.48953,-83.27823,"Hotels and motels,Motel,General Travel,Hotels Motels,Hotel",Accommodation & Food Services,4,2.0
Fairfield Inn Suites Tyler,Tyler,TX,32.304123,-95.325714,"Hotels,Corporate Lodging,Hotel and Building,Lodging,Hotel",Accommodation & Food Services,3,4.0
Harborside Inn,Edgartown,MA,41.389039,-70.513133,"Time Shares,Hotels Motels,Hotels & Motels,Hotel",Accommodation & Food Services,9,4.555555555555555
Honua Kai Resort Spa,Lahaina,HI,20.94429,-156.690786,"Hotels,Resort,Spa,Hotel,Hotel Pool",Accommodation & Food Services,99,4.404040404040404
Virginia Beach Resort Hotel Conference Center,Virginia Beach,VA,36.913202,-76.06851,"Hotels,Resort,Conference Room,Hotel",Accommodation & Food Services,42,3.7857142857142856
Hilton Baltimore BWI Airport,Linthicum Heights,MD,39.195823,-76.680678,"Hotels,Meeting Room,Hotel",Accommodation & Food Services,33,4.242424242424242
Staybridge Suites Lincoln Northeast,Lincoln,NE,40.82838,-96.604166,"Hotel & Motel Reservations,Budget Hotels,Corporate Lodging,Lodging,Accommodations & Lodging,Family-friendly Hotels,Motels,Accommodation Reservations,Hotels,Extended Stay,Weekend Getaway Hotels,Tourist Hotels,Conference Room,Hotels Motels,Meeting Room,Hotels & Motels,Beach Hotels,Business Hotels,Hotel",Accommodation & Food Services,2,4.5
Hyatt Place Baltimore/Inner Harbor,Baltimore,MD,39.284641,-76.599013,"Hotels,Hotels and motels,Hotel",Accommodation & Food Services,54,4.388888888888889
Holiday Inn Sarasota-Airport,Sarasota,FL,27.397494,-82.545924,"Hotels and motels,Resorts,Budget Hotels,Cottages,Lodging,Luxury Hotels,Family-friendly Hotels,Hotel, Conference Room, and Meeting Room,Weekend Getaway Hotels,Conference Room,Tourist Hotels,Meeting Room,Hotels Motels,Hotel,Beach Hotels,Business Hotels",Accommodation & Food Services,2,3.0
Baymont Inn Suites Grand Rapids SW/Byron Center,Byron Center,MI,42.813064,-85.670067,"Hotels,Hotels and motels,Budget Hotels,Tourist Hotels,Motel,Hotels Motels,Family-friendly Hotels,Business Hotels,Hotel",Accommodation & Food Services,1,3.0
Hampton Inn and Suites Baltimore Inner Harbor,Baltimore,MD,39.2886967,-76.61233306,"Hotel,Hotels Motels",Accommodation & Food Services,39,4.226923076923077
Hampton Inn and Suites Williamsburg-Central,Williamsburg,VA,37.28382755,-76.70792162,"Hotel,Hotels Motels",Accommodation & Food Services,22,4.202272727272727
"Pier 5 Hotel Baltimore, Curio Collection by Hilton",Baltimore,MD,39.28482809,-76.60571605,"Hotel,Hotels,Hotels Motels,Wedding Sites,Meeting Facilities",Accommodation & Food Services,40,4.205
Homewood Suites by Hilton Baltimore,Baltimore,MD,39.2837994,-76.60164714,"Hotel,Hotels Motels",Accommodation & Food Services,15,4.01
SpringHill Suites by Marriott Virginia Beach Oceanfront,Virginia Beach,VA,36.838167,-75.97202003,"Hotel,Hotels Motels,Meeting Facilities",Accommodation & Food Services,21,4.142857142857143
Sense Beach House,Miami Beach,FL,25.773472,-80.13254,"Hotels,Guest House,Hotel",Accommodation & Food Services,35,4.477142857142857
Home2 Suites by Hilton Baltimore Downtown,Baltimore,MD,39.29358951,-76.61473632,"Hotel,Hotels Motels",Accommodation & Food Services,4,3.5999999999999996
Sheraton Portland Airport Hotel,Portland,OR,45.58275475,-122.5753024,"Hotel,Hotels Motels",Accommodation & Food Services,9,3.9444444444444446
Fairfield Inn and Suites by Marriott Virginia Beach Oceanfront,Virginia Beach,VA,36.84725434,-75.97436696,"Hotel,Hotels Motels",Accommodation & Food Services,13,4.111538461538462
Villa Paradiso,Miami Beach,FL,25.78589539,-80.13067203,"Hotels,Hotel",Accommodation & Food Services,25,4.37
Motel 6 Grand Rapids - Airport,Grand Rapids,MI,42.913564,-85.548567,"Hotels,Motel,Lodging,Motels,Hotel",Accommodation & Food Services,1,3.0
La Quinta Inn Suites Warner Robins - Robins AFB,Warner Robins,GA,32.615604,-83.70226,"Bed Breakfasts,Hotels,Business Services,Lodging,Hotels Motels,Hotel",Accommodation & Food Services,5,4.4
Best Western Plus Lockport Hotel,Lockport,NY,43.1531,-78.697,"Corporate Housing,Hotels,Hotels and motels,Hotel and motel reservations,Hotel and motel mgmt.,Lodging,Hotels Motels,Hotel",Accommodation & Food Services,5,4.2
Blue Sky Lodge,Carmel Valley,CA,36.478078,-121.727199,"Hotels,Hotel",Accommodation & Food Services,8,3.625
Hilton Garden Inn,Benton Harbor,MI,42.07398,-86.42714,"Hotels,Restaurant,Lodging,Hotels Motels,Hotel",Accommodation & Food Services,1,4.0
Courtyard Austin South,Austin,TX,30.209185,-97.75434,"Hotels Motels,Hotel",Accommodation & Food Services,1,5.0
The Star Inn,Cape May,NJ,38.93066,-74.92333,"Hotels,Hotel",Accommodation & Food Services,3,4.666666666666667
Hyatt Place Atlanta Airport-South,Atlanta,GA,33.626412,-84.452114,"Hotels,Hotel",Accommodation & Food Services,30,4.433333333333334
Table Mountain Inn,Golden,CO,39.753886,-105.22034,"Hotels,Restaurant,Event Space,Wedding Hall,Lodging,Hotels Motels,Hotel",Accommodation & Food Services,4,4.5
Sonesta ES Suites Flagstaff,Flagstaff,AZ,35.225735,-111.57411,"Hotels,Apartments,Hotels and motels,Hotel",Accommodation & Food Services,8,4.375
Aqua Soleil Hotel And Mineral Water Spa,Desert Hot Springs,CA,33.9427,-116.5013,"Hotels,Hotels Motels,Hotel",Accommodation & Food Services,1,4.0
Best Western Plus Arroyo Roble Hotel & Creekside Villas,Sedona,AZ,34.87213,-111.75775,"Hotels and motels,Resorts,Budget Hotels,Travel and Tourism,Lodging,Luxury Hotels,Family-friendly Hotels,Motels,Hotels,Extended Stay,Hotel and motel reservations,Hotel and motel mgmt.,Hotels Motels,Hotels & Motels,Hotel,Business Hotels",Accommodation & Food Services,19,4.052631578947368
hotel le bleu,Brooklyn,NY,40.6733,-73.987,"Hotels,Boutique Hotels,Resort,Hotels and motels,Lodging,Hotels Motels,Luxury Hotels,Motels,Hotel",Accommodation & Food Services,3,4.333333333333333
Residence Inn Dallas Richardson,Richardson,TX,32.98085,-96.70812,"Meeting Room,Hotels Motels,Hotel",Accommodation & Food Services,1,5.0
Homewood Suites by Hilton Orlando-Nearest to Univ Studios,Orlando,FL,28.4657,-81.4623,"Hotels and motels,Resorts,Hotels Motels,Hotel",Accommodation & Food Services,1,5.0
Tradewinds Restaurant,Orlando,FL,28.411989,-81.466962,"Hotels,Breakfast Spot,Resort,American Restaurant,Hotel",Accommodation & Food Services,10,4.5
Hampton Inn Union City,Union City,CA,37.59823,-122.068275,"accommodations & lodging,Hotels and motels,Hotel and motel reservations,Hotel",Accommodation & Food Services,5,4.6
Embassy Suites by Hilton Baltimore at BWI Airport,Linthicum Heights,MD,39.20625,-76.69111,"Hotels,Conference Room,Lodging,Meeting Room,Hotel",Accommodation & Food Services,26,3.9615384615384617
Four Points by Sheraton Plainview Long Island,Plainview,NY,40.78503,-73.445568,"Hotels,Convention services and facilities,Hotels and motels,Hotel and motel reservations,Fairgrounds,Hotels Motels,Hotel,Convention information bureaus",Accommodation & Food Services,6,4.333333333333333
The Resort at Longboat Key Club,Longboat Key,FL,27.330847,-82.59081,"Hotels,Golf Course,Resort,Hotel",Arts Entertainment & Recreation,22,4.5
Indigo Inn,Charleston,SC,32.78222137,-79.93140596,"Hotels and motels,Hotel and motel reservations,Hotel",Accommodation & Food Services,7,4.0
Wingate by Wyndham Frisco,Frisco,TX,33.12174,-96.74871,"Hotels and motels,Hotel and motel reservations,Hotel",Accommodation & Food Services,1,1.0
Best Western Plus Encina Inn & Suites,Santa Barbara,CA,34.43029,-119.72093,"Hotels,Lodging,Hotel",Accommodation & Food Services,10,4.7
The Parkside Inn,Santa Barbara,CA,34.418746,-119.671234,"Travel,Hotels Motels,Hotels & Motels,Hotel",Accommodation & Food Services,2,3.0
Basecamp Hotel,South Lake Tahoe,CA,38.959927,-119.9447,"Hotels and motels,Hotel and motel reservations,Hotel",Accommodation & Food Services,4,4.5
Hotel Rose,Portland,OR,45.51737,-122.67325,"Hotels,Hotels and motels,Lodging,Motels,Hotel",Accommodation & Food Services,3,4.333333333333333
Homewood Suites by Hilton Austin Arboretum / NW,Austin,TX,30.398321,-97.734055,"Hotels,Hotel Stonelake Office Park,Hotels and motels,Hotel and motel reservations,Hotel",Accommodation & Food Services,8,5.0
Best Western Lake Conroe Inn,Montgomery,TX,30.3465,-95.7926,"Event Planning,Corporate Housing,Hotels Motels,Hotel",Accommodation & Food Services,4,4.25
Hampton Inn & Suites Denver Ap Gateway Park,Denver,CO,39.77366,-104.79602,"Hotels,Corporate Lodging,Lodging,Hotel",Accommodation & Food Services,8,4.625
Residence Inn Chicago Deerfield,Deerfield,IL,42.15669,-87.84146,"Travel & Transport,Hotels & Motels,Hotel",Accommodation & Food Services,1,3.0
Comfort Suites Suffolk - Chesapeake,Suffolk,VA,36.86166,-76.4483,"Hotels,Hotel",Accommodation & Food Services,26,4.0
Hampton Inn Newport News-Yorktown,Newport News,VA,37.11252,-76.47158,"Hotels,Corporate Lodging,Lodging,Hotel",Accommodation & Food Services,8,4.5
Hampton Inn Middletown,Middletown,NY,41.44733,-74.36524,"Hotels,Corporate Lodging,Lodging,Hotel",Accommodation & Food Services,6,4.333333333333333
Best Western Suites Near Opryland,Nashville,TN,36.22352,-86.69707,"Hotels,Hotel & Motel Reservations,Hotels and motels,Hotel and motel mgmt.,Lodging,Hotels Motels,Accommodations & Lodging,Motels,Hotel",Accommodation & Food Services,11,4.0
Fairfield Inn Tracy,Tracy,CA,37.75469,-121.46648,"Hotels Motels,Hotel",Accommodation & Food Services,2,4.5
Vagabond Inn Sunnyvale,Sunnyvale,CA,37.39624,-122.02753,"Hotels,Budget Hotels,Tourist Hotels,Motel,Lodging,Hotels Motels,Motels,Family-friendly Hotels,Hotel and Motel,Hotel,Business Hotels",Accommodation & Food Services,4,3.25
Holiday Inn Express & Suites Sioux Falls Southwest,Sioux Falls,SD,43.486,-96.7706,"Budget Hotels,Resorts,Meeting Facilities,Lodging,Family-Friendly Hotels,Weekend Getaway Hotels,Wedding Sites,Tourist Hotels,Hotels Motels,Hotels & Motels,Hotel,Beach Hotels,Business Hotels",Accommodation & Food Services,1,5.0
BEST WESTERN Garden Inn,Santa Rosa,CA,38.423534,-122.71286,"Hotels,Budget Hotels,Lodging,Hotels Motels,Hotel",Accommodation & Food Services,15,3.6
Hotel Maya - a DoubleTree by Hilton Hotel,Long Beach,CA,33.75663,-118.19814,"Hotels,Hotel",Accommodation & Food Services,25,4.24
"Bluegreen Parkside Williamsburg, Ascend Resort Collection",Williamsburg,VA,37.23938706,-76.64115071,"Hotel,Hotels Motels",Accommodation & Food Services,1,4.8
Quality Inn and Suites By The Parks,Kissimmee,FL,28.33418252,-81.5923436,"Hotel,Hotels Motels",Accommodation & Food Services,60,4.3325
"Bluegreen Vacations Patrick Henry Sqr, Ascend Resort Collection",Williamsburg,VA,37.27031545,-76.6875127,"Hotels Motels,Hotel",Accommodation & Food Services,7,4.521428571428571
Holiday Inn Express & Suites Port Richey,Port Richey,FL,28.31166,-82.70066,"Tourist Hotels,Hotels Motels,Family-friendly Hotels,Hotel",Accommodation & Food Services,6,3.6666666666666665
Best Western Inn & Suites At Discovery Kingdom,Vallejo,CA,38.14463,-122.23478,"Hotels,Hotel",Accommodation & Food Services,7,3.2857142857142856
Hilton Garden Inn Winchester,Winchester,VA,39.1657,-78.16738,"Hotels,Lodging,Banquet Halls and Reception Facilities,Hotels & Motels,Hotel",Accommodation & Food Services,2,4.0
Hilton Garden Inn Edison/Raritan Center,Edison,NJ,40.52118,-74.33896,"Hotels,Hotels and motels,Lodging,Hotels & Motels,Hotel",Accommodation & Food Services,5,4.4
Best Western Plus Wilmington/Carolina Beach,Wilmington,NC,34.1329,-77.8957,"Corporate Housing,Hotels,Lodging,Hotels Motels,Hotel",Accommodation & Food Services,5,4.0
The Chateau Motel,Panama City Beach,FL,30.1928,-85.8347,"Hotels,Hotels and motels,Resorts,Motel,Lodging,Hotels Motels,Motels,Hotel and Motel,Hotel",Accommodation & Food Services,9,2.6666666666666665
Courtyard Harrisburg Hershey,Harrisburg,PA,40.243557,-76.809204,"Meeting Room,Hotels Motels,Hotel",Accommodation & Food Services,2,4.5
Days Inn Apple Valley Sevierville,Sevierville,TN,35.82713,-83.574326,"Hotels and motels,Budget Hotels,Excavating contractors,Tourist Hotels,Hotels Motels,Family-friendly Hotels,Hotel,Business Hotels",Accommodation & Food Services,6,3.3333333333333335
Holiday Inn Express Harrisburg East,Harrisburg,PA,40.278137,-76.82099,"Hotels,Hotel",Accommodation & Food Services,8,3.625
AC Hotel Miami Beach,Miami Beach,FL,25.8053,-80.125114,"Hotels,Hotel",Accommodation & Food Services,1,5.0
Ramada Louisville Expo Center,Louisville,KY,38.20142,-85.75076,"Hotels,Hotel",Accommodation & Food Services,3,3.3333333333333335
Wingate by Wyndham San Marcos,San Marcos,TX,29.869452,-97.93804,"Hotels,Hotels and Lodging,Hotel",Accommodation & Food Services,1,3.0
Comfort Inn & Suites West,Beaverton,OR,45.48883,-122.81558,"Hotels Motels,Hotels & Motels,Hotel",Accommodation & Food Services,1,5.0
Red Roof Inn Fresno - Yosemite Gateway,Fresno,CA,36.79312,-119.79062,"Hotels,Hotels and motels,Budget Hotels,Tourist Hotels,Hotels Motels,Family-friendly Hotels,Business Hotels,Hotel",Accommodation & Food Services,10,2.2
Best Western Springfield,Springfield,VA,38.780296,-77.17839,"Hotels,Hotel",Accommodation & Food Services,160,3.7125
Lodge At Lake Tahoe,South Lake Tahoe,CA,38.949986,-119.94801,"Hotels,Resort,Resorts,Lodging,Motels,Hotel",Accommodation & Food Services,1,3.0
Hampton Inn & Suites Wilmington Christiana,Newark,DE,39.6901,-75.65672,"Hotels,Hotels and motels,Corporate Lodging,Lodging,Hotel",Accommodation & Food Services,5,5.0
TownePlace Suites by Marriott Suffolk Chesapeake,Suffolk,VA,36.89303,-76.43246,"Hotels,Corporate Lodging,Lodging,Hotel",Accommodation & Food Services,5,4.8
Whispering Woods Resort,Welches,OR,45.3366,-121.96684,"Hotels,Resort,Resorts,Hotel",Accommodation & Food Services,2,5.0
Orlando Continental Plaza Hotel,Orlando,FL,28.46289549,-81.46621674,"Hotels and motels,Hotel and motel reservations,Hotel",Accommodation & Food Services,1,1.0
Hilton Garden Inn Chesapeake/Suffolk,Suffolk,VA,36.8784,-76.43851,"Hotels,Lodging,Hotel",Accommodation & Food Services,15,4.4
Best Western Superstition Springs Inn,Mesa,AZ,33.39094,-111.686,"Hotels,Lodging,Hotels Motels,Hotel Superstition Springs,Hotel",Accommodation & Food Services,1,5.0
Hyatt Place Charlottesville,Charlottesville,VA,38.06645,-78.49358,"Hotels,Hotels and motels,Alternative Fuels,Hotel",Accommodation & Food Services,4,4.5
Hampton Inn Suites Conroe I45 North,Conroe,TX,30.33831,-95.4776,"Hotels,Hotels and motels,Corporate Lodging,Lodging,Gym,Hotel",Accommodation & Food Services,2,3.0
Hyatt House Parsippany/Whippany,Whippany,NJ,40.83828,-74.44332,"Hotels,Hotel",Accommodation & Food Services,2,5.0
"Hampton Inn & Suites Chapel Hill/Durham, Area",Chapel Hill,NC,35.91009,-78.98214,"Hotels,Hotel and motel consultants,Hotels and motels,Corporate Lodging,Lodging,Hotel",Accommodation & Food Services,10,4.7
Holiday Inn Express Albuquerque (I-40 Eubank),Albuquerque,NM,35.0859,-106.5318,"Resorts,Budget Hotels,Weekend Getaway Hotels,Tourist Hotels,Lodging,Hotels Motels,Family-friendly Hotels,Hotel,Beach Hotels,Business Hotels",Accommodation & Food Services,1,3.0
Park Inn By Radisson Sharon,West Middlesex,PA,41.185978,-80.453261,"Hotels,Hotels Motels,Family-friendly Hotels,Hotels & Motels,Hotel,Business Hotels",Accommodation & Food Services,5,3.4
"Red Roof Plus+ Washington, DC - Alexandria",Alexandria,VA,38.787952,-77.06569,"Hotels and motels,Motel,Hotel",Accommodation & Food Services,7,3.857142857142857
Hampton Inn & Suites Jackson,Jackson,TN,35.67292,-88.80876,"Hotels,Corporate Lodging,Lodging,Hotel",Accommodation & Food Services,8,4.0
Best Western Inn Florence,Florence,KY,39.0027,-84.64348,"Hotels,Lodging,Hotel",Accommodation & Food Services,1,4.0
Courtyard Charlottesville North,Charlottesville,VA,38.07452,-78.47792,"Convention & Meeting Facilities & Services,Hotels,Hotels Motels,Hotels & Motels,Hotel",Accommodation & Food Services,1,4.0
The INN at Europa Village,Temecula,CA,33.524796,-117.082466,"Hotels,Bed Breakfast,Hotel",Accommodation & Food Services,5,5.0
McMenamins Hotel Oregon,McMinnville,OR,45.210197,-123.19435,"Hotels,Hotels & Motels,Hotel,Brewers",Accommodation & Food Services,8,3.5
Courtyard San Diego Sorrento Valley,San Diego,CA,32.895398,-117.203,"Convention & Meeting Facilities & Services,Hotels,Hotel Sorrento Valley,Hotels & Motels,Hotel",Accommodation & Food Services,3,4.333333333333333
BEST WESTERN Westfield Inn,Westfield,NJ,40.6497,-74.3491,"Hotels Motels,Hotel",Accommodation & Food Services,3,3.6666666666666665
Best Western Beach Dunes Inn,Marina,CA,36.69994,-121.80426,"Hotels,Hotels and motels,Hotel and motel mgmt.,Lodging,Hotels Motels,Hotel",Accommodation & Food Services,1,1.0
The Kahala Hotel & Resort,Honolulu,HI,21.27171,-157.77396,"Resort,Resorts,Budget Hotels,Spa,Spas,Lodging,Family-friendly Hotels,Attractions,Hotels,Tourist Hotels,Hotels Motels,Hotel,Business Hotels",Accommodation & Food Services,1,5.0
Hotel La Jolla,La Jolla,CA,32.851774,-117.253978,"Hotels,Hotel",Accommodation & Food Services,4,3.5
Rodeway Inn & Suites Boulder Broker,Boulder,CO,39.998386,-105.254036,"Hotels,Budget Hotels,Travel & Transport,Lodging,Hotels Motels,Family-friendly Hotels,Hotel,Business Hotels",Accommodation & Food Services,1,3.0
Crowne Plaza Columbus-Downtown,Columbus,OH,39.969,-83.001,"Hotel & Motel Reservations,Resorts,Lodging,Luxury Hotels,Accommodations & Lodging,Family-friendly Hotels,Motels,Hotel, Resort, and Conference Room,Accommodation Reservations,Hotels,Weekend Getaway Hotels,Tourist Hotels,Hotels Motels,Hotel,Beach Hotels,Business Hotels",Accommodation & Food Services,7,4.428571428571429
Four Points by Sheraton San Jose - Silicon Valley,San Jose,CA,37.247807,-121.77403,"Hotels,Hotels and motels,Hotel and motel reservations,Resorts,Lodging,Hotels Motels,Accommodations & Lodging,Hotel",Accommodation & Food Services,4,1.5
The Westin San Jose,San Jose,CA,37.330868,-121.888196,"Hotels,Caterers,Hotels and motels,American restaurants,Hotel,Restaurants",Accommodation & Food Services,4,4.5
Comfort Suites Tampa / Brandon,Tampa,FL,27.945705,-82.33861,"Hotels,Hotels and motels,Hotels and Lodging,Corporate Lodging,Lodging,Hotels Motels,Motels,Hotel",Accommodation & Food Services,5,2.8
Residence Inn Jacksonville Butler Boulevard,Jacksonville,FL,30.24905,-81.54092,"Hotels,Hotel,Hotel Pool",Accommodation & Food Services,1,3.0
Best Western Intracoastal Inn,Jupiter,FL,26.92688,-80.07808,"Hotels,Hotels and motels,Hotel and motel mgmt.,Lodging,Hotels Motels,Hotel",Accommodation & Food Services,7,4.571428571428571
Candlewood Suites Norfolk Airport,Norfolk,VA,36.86179,-76.21451,"Hotels,Conference Room,Meeting Room,Hotel",Accommodation & Food Services,15,4.133333333333334
Hampton Inn Hampton-Newport News,Hampton,VA,37.05765,-76.39331,"Hotels,Hotels and motels,Corporate Lodging,News dealers,Lodging,Hotel",Accommodation & Food Services,12,4.583333333333333
SpringHill Suites Norfolk Old Dominion University,Norfolk,VA,36.885025,-76.302155,"Hotels,Hotel",Accommodation & Food Services,2,3.0
Homewood Suites by Hilton Virginia Beach/Norfolk Airport,Virginia Beach,VA,36.847378,-76.17861,"Hotels,Hotel",Accommodation & Food Services,24,4.583333333333333
Fiddler's Inn,Nashville,TN,36.218,-86.69606,"Hotels,Hotels and motels,Hotel",Accommodation & Food Services,6,2.3333333333333335
Ramada Naples,Naples,FL,26.1786,-81.7986,"Budget Hotels,Tourist Hotels,Hotels Motels,Family-friendly Hotels,Hotels & Motels,Hotel,Business Hotels",Accommodation & Food Services,2,4.5
Silver Sands Beach Resort,Key Biscayne,FL,25.6956,-80.1571,"Hotels,Resort,Resorts,Hotel Bar,Lodging,Hotels Motels,Cottages Cabins,Motels,Hotel",Accommodation & Food Services,1,2.0
Tarpon Inn,Port Aransas,TX,27.837679,-97.059439,"Bed Breakfasts,Restaurant,Hotels and motels,Hotel and motel reservations,Bed & Breakfasts,American restaurants,Hotels Motels,Hotels & Motels,Hotel,Restaurants",Accommodation & Food Services,2,4.5
Best Western Plus Yacht Harbor Inn,Dunedin,FL,28.0131,-82.7924,"Hotels and motels,Hotel and motel mgmt.,Hotels Motels,Hotel",Accommodation & Food Services,6,3.8333333333333335
WoodSpring Suites Virginia Beach,Virginia Beach,VA,36.83303506,-76.14062366,"Hotel,Hotels,Lodging,Motels",Accommodation & Food Services,1,3.35
Fairfield Inn & Suites Naples,Naples,FL,26.161557,-81.684862,"Hotel and Resort,Hotels & Motels,Hotel",Accommodation & Food Services,3,4.666666666666667
San Francisco Marriott Marquis,San Francisco,CA,37.78506,-122.40479,"Hotels,Hotel",Accommodation & Food Services,9,4.666666666666667
Hotel Laguna,Laguna Beach,CA,33.541065,-117.78296,"Hotels,Boutique Hotels,Hotels Motels,Hotels & Motels,Hotel",Accommodation & Food Services,2,3.0
Hotel Manor,Slate Run,PA,41.47176,-77.5044,"Hotels,Lodging,Restaurants,Hotel",Accommodation & Food Services,1,5.0
Hampton Inn Suites McAlester,McAlester,OK,34.91148,-95.74688,"Hotels,Corporate Lodging,Lodging,Hotel",Accommodation & Food Services,1,5.0
Motel 6 Ardmore,Ardmore,OK,34.1747,-97.16602,"Hotels,Lodging,Motels,Hotel",Accommodation & Food Services,1,4.0
Lexington Inn - Ardmore,Ardmore,OK,34.17716,-97.1654,"Hotels,Lodging,Swimming Pools,Hotels & Motels,Hotel",Accommodation & Food Services,6,3.6666666666666665
Hampton Inn Suites Ardmore,Ardmore,OK,34.17064,-97.16348,"Hotels,Corporate Lodging,Lodging,Hotel",Accommodation & Food Services,1,5.0
Home2 Suites by Hilton Edmond,Edmond,OK,35.65203,-97.42866,"Hotels,Hotels and motels,Conference Centers,Lodging,Motels,Hotel",Accommodation & Food Services,4,4.5
Browns Hill Tavern Motel,Mill Hall,PA,41.03202,-77.52054,"Hotels,Bars Clubs,Bars Pubs,Hotels Motels,Restaurants,Hotel,Bars",Accommodation & Food Services,1,4.0
Landmark Hotel,Tidioute,PA,41.68327,-79.4136,"Hotels,Restaurant,Restaurants,Hotel",Accommodation & Food Services,1,5.0
Comfort Inn Duncansville - Altoona,Duncansville,PA,40.43262,-78.41421,"Hotels,Corporate Lodging,Lodging,Motels,Hotel",Accommodation & Food Services,4,4.25
Best Western Plus Executive Inn,Saint Marys,PA,41.40103,-78.56155,"Hotels,Corporate Housing,Budget Hotels,Lodging,Hotels Motels,Family-friendly Hotels,Hotels & Motels,Business Hotels,Hotel",Accommodation & Food Services,1,5.0
Pittsburgh Marriott City Center,Pittsburgh,PA,40.43976,-79.99244,"Hotels,Hotel",Accommodation & Food Services,22,4.363636363636363
Wyndham Garden Pittsburgh Airport,Pittsburgh,PA,40.46572,-80.19868,"Hotels,Lodging,Hotels Motels,Hotel",Accommodation & Food Services,8,2.875
Hyatt Place Pittsburgh North Shore,Pittsburgh,PA,40.44665,-80.00914,"Hotels,Hotels and motels,Hotel and motel reservations,Meeting and Event Planning Services,Lodging,Hotel,Restaurants",Accommodation & Food Services,2,4.5
Four Flags Inn,Indiana,PA,40.59387,-79.16167,"Hotels,Hotels and motels,Lodging,Motels,Hotel",Accommodation & Food Services,1,3.0
Hampton Inn Sulphur/Lake Charles Area,Sulphur,LA,30.216843,-93.37432,"Hotels,Hotels and motels,Corporate Lodging,Lodging,Hotel",Accommodation & Food Services,2,5.0
Hampton Inn Carrollton,Carrollton,KY,38.65239,-85.12469,"Hotels,Corporate Lodging,Lodging,Hotel",Accommodation & Food Services,1,3.0
Home2 Suites by Hilton Clarksville/Ft. Campbell,Clarksville,TN,36.59189,-87.28634,"Hotels,Hotels and motels,Lodging,Hotel",Accommodation & Food Services,1,5.0
Americas Best Value Inn Albert Lea,Albert Lea,MN,43.65524,-93.33518,"Hotels,Motel,Lodging,Motels,Hotel",Accommodation & Food Services,1,3.0
Quality Inn Suites,Portsmouth,OH,38.79585,-82.98497,"Hotels,Motels,Hotel,Lodges",Accommodation & Food Services,34,3.411764705882353
Hiway Inn Express,Wilburton,OK,34.91567,-95.31804,"Hotels,B&bs / Inns,Lodging,Motels,Hotel",Accommodation & Food Services,1,1.0
Hampton Inn Easton,Easton,MD,38.77048,-76.06043,"Hotels,Corporate Lodging,Lodging,Hotel",Accommodation & Food Services,1,5.0
Shawnee Motel,Schellsburg,PA,40.04935,-78.63733,"Hotels,Lodging,Motels,Hotel",Accommodation & Food Services,3,4.0
Motel 6 Texarkana TX,Texarkana,TX,33.46679,-94.06752,"Hotels,Lodging,Motels,Hotel",Accommodation & Food Services,2,3.0
Budget Inn Suites,Freer,TX,27.88269,-98.61365,"Hotels,Hotels and motels,Lodging,Motels,Hotel",Accommodation & Food Services,1,1.0
Mesa View Inn,Iraan,TX,30.914852,-101.90482,"Hotels,Bed and Breakfast and Inns,Hotel",Accommodation & Food Services,1,1.0
Best Western Plus Classic Inn Suites,Center,TX,31.8107,-94.19453,"Hotels,Hotels and motels,Hotel and motel mgmt.,Lodging,Hotels Motels,Hotel",Accommodation & Food Services,1,4.0
Executive Inn,Cisco,TX,32.37517,-98.96811,"Hotels,Lodging,Hotels Motels,Motels,Bed & Breakfast & Inns,Hotel",Accommodation & Food Services,2,2.5
Best Western Palo Duro Canyon Inn Suites,Canyon,TX,34.98018,-101.91008,"Hotels,Lodging,Hotels Motels,Hotel",Accommodation & Food Services,9,3.888888888888889
Ballinger Inn,Ballinger,TX,31.72303,-99.96092,"Hotels,Lodging,Motels,Hotel",Accommodation & Food Services,1,1.0
The Lodge Hotel,Brookeland,TX,31.07443,-94.02309,"Hotels,Resorts,Hotel",Accommodation & Food Services,1,4.0
Best Western Plus Crown Colony Inn Suites,Lufkin,TX,31.28933,-94.72938,"Hotels,Lodging,Hotels Motels,Hotel",Accommodation & Food Services,1,5.0
Heidelberg Lodges,New Braunfels,TX,29.72029,-98.12683,"Hotels,Resorts & Vacation Cottages,Resorts,Recreation Centers,Apartment Hotels,Lodging,Hotels-Apartment,Hotels Motels,Motels,Hotels & Motels,Hotel",Accommodation & Food Services,2,3.5
Americas Best Value Inn Suites-Abilene Mall,Abilene,TX,32.41263,-99.77331,"Hotels,Lodging,Motels,Hotel",Accommodation & Food Services,4,4.0
Quality Inn Suites Near University,Waco,TX,31.50932,-97.14415,"Hotels,Corporate Lodging,Motels,Hotel",Accommodation & Food Services,3,5.0
Sleep Inn Suites Tyler South,Tyler,TX,32.28743,-95.3002,"Hotels,Hotels and motels,Corporate Lodging,Lodging,Motels,Hotel",Accommodation & Food Services,3,4.666666666666667
Residence Inn Laredo Del Mar,Laredo,TX,27.563017,-99.50086,"Hotels,Motels,Hotel",Accommodation & Food Services,2,5.0
Portland Regency Hotel & Spa,Portland,ME,43.6569,-70.25256,"Hotels,Bar,Lounge,Hotel",Accommodation & Food Services,18,4.444444444444445
Park 75 Lounge and Terrace,Atlanta,GA,33.78676,-84.38549,"Bar,American Restaurant,Steakhouse,Spa,Hotels,Hotel",Accommodation & Food Services,5,4.4
Fairfield Inn Appleton,Appleton,WI,44.26372,-88.469444,"Hotel,Hotels Motels",Accommodation & Food Services,1,5.0
Ocean Sands Resort,Virginia Beach,VA,36.851,-75.9755,"Resort,Motel,Hotels Motels,Resorts,Timeshare Companies,Hotel,Hotels",Accommodation & Food Services,5,3.8
Comfort Inn Palo Alto,Palo Alto,CA,37.416336,-122.12852,"Hotel,Hotels Motels,Lodging,Hotels & Motels",Accommodation & Food Services,5,4.4
Disney's Saratoga Springs Resort & Spa,Orlando,FL,28.376,-81.5227,"Resort,Hotels,Hotels and motels,Resorts,Luxury Hotels,Hotels Motels,Hotel,Lodging",Accommodation & Food Services,15,3.933333333333333
Best Western Plus Lacey Inn & Suites,Olympia,WA,47.062,-122.762,"Hotel,Hotel and motel mgmt.,Hotels and motels,Hotels Motels,Lodging,Hotels,Travel and Tourism,Motels",Accommodation & Food Services,8,4.875
SpringHill Suites by Marriott Norfolk Virginia Beach,Norfolk,VA,36.84389,-76.18672,"Hotel,Hotels",Accommodation & Food Services,46,4.217391304347826
Hilton Garden Inn Hampton Coliseum Central,Hampton,VA,37.03557,-76.39673,"Hotel,Hotels,Lodging",Accommodation & Food Services,27,4.37037037037037
Hampton Inn Newark-Airport,Elizabeth,NJ,40.6846,-74.1939,"Hotel,Hotels Motels,Hotels,Lodging,Corporate Lodging",Accommodation & Food Services,7,3.4285714285714284
Best Western Cordelia Inn,Fairfield,CA,38.2227,-122.1251,"Hotel,Health resorts,Hotel and motel mgmt.,Hotels and motels,Hotels Motels,Lodging,Corporate Housing,Budget Hotels,Business Hotels,Family-friendly Hotels,Spa Resorts",Accommodation & Food Services,5,3.6
Courtyard Myrtle Beach Barefoot Landing,Myrtle Beach,SC,33.795852,-78.75178,"Hotel,Hotels",Accommodation & Food Services,7,4.571428571428571
"The Ritz-Carlton, Dove Mountain",Marana,AZ,32.479057,-111.0887,"Hotel,Resort,Pool,Hotels,Hotel, Resort, and Pool",Accommodation & Food Services,12,4.833333333333333
Wingate By Wyndham-Miramar,Hollywood,FL,25.983257,-80.34731,"Hotels & Motels,Business Hotels,Family-Friendly Hotels,Weekend Getaway Hotels,Hotel",Accommodation & Food Services,2,5.0
Embassy Suites by Hilton Crystal City National Airport,Arlington,VA,38.86135,-77.0527,"Hotels,Hotel,Conference Room,Meeting Room,Lodging",Accommodation & Food Services,83,4.457831325301205
"The Ritz-Carlton, Pentagon City",Arlington,VA,38.8629,-77.0611,"Hotels,Hotels Motels,Meeting Facilities,Wedding Sites,Luxury Hotels,Hotel",Accommodation & Food Services,34,4.823529411764706
Best Western Capital Beltway,Lanham,MD,38.961701,-76.863145,"Lodging,Family-friendly Hotels,Tourist Hotels,Hotels Motels,Budget Hotels,Business Hotels,Corporate Housing,Hotels,Hotel Lanham-Seabrook",Accommodation & Food Services,62,3.3548387096774195
Hampton Inn Norfolk/Virginia Beach,Virginia Beach,VA,36.84344,-76.1831,"Hotels,Hotel,Hotels and motels,Lodging,Corporate Lodging",Accommodation & Food Services,19,4.473684210526316
"The Brookshire Suites Inner Harbor, BW Premier Collection",Baltimore,MD,39.28802,-76.6124,"Hotels,Hotel,Lodging,Hotels Motels,Family-friendly Hotels,Tourist Hotels,Business Hotels,Budget Hotels",Accommodation & Food Services,32,3.90625
La Quinta Inn Norfolk Virginia Beach,Virginia Beach,VA,36.843178,-76.184326,"Hotels,Hotel,Motel,Office",Accommodation & Food Services,60,3.566666666666667
Holiday Inn Secaucus Meadowlands,Secaucus,NJ,40.7868,-74.043,"Hotel,Conference Room,Meeting Room,Hotels Motels,Family-friendly Hotels,Tourist Hotels,Weekend Getaway Hotels,Luxury Hotels,Resorts,Beach Hotels,Budget Hotels,Lodging,Business Hotels",Accommodation & Food Services,4,4.75
Sanibel Inn,Sanibel,FL,26.44,-82.0396,"Hotel,Resort,Hotels and motels,Hotel and motel reservations,Resorts,Hotels Motels,Family-friendly Hotels,Tourist Hotels,Business Hotels,Budget Hotels,Hotels",Accommodation & Food Services,8,3.875
Sonesta ES Suites Columbia Baltimore,Columbia,MD,39.2316,-76.81383,"Hotels,Hotel,Hotel and Motel Consultants,Lodging",Accommodation & Food Services,29,4.413793103448276
Esmeralda Inn,Chimney Rock,NC,35.44268,-82.264175,"Hotel,American Restaurant,Hotels and motels,Hotels Motels,Hotels,Hotel and American Restaurant",Accommodation & Food Services,8,5.0
Best Western Premier Crown Chase Inn & Suites,Denton,TX,33.1828,-97.1001,"Hotel,Hotels Motels,Lodging",Accommodation & Food Services,5,5.0
Econo Lodge Inn & Suites,White Haven,PA,41.07905,-75.77149,"Hotel,Hotels,Lodging,Corporate Lodging,Motels,Hotels Motels",Accommodation & Food Services,2,3.5
Courtyard Boston Woburn/Boston North,Woburn,MA,42.488655,-71.116585,"Hotel,Hotels",Accommodation & Food Services,12,4.333333333333333
"Country Inn & Suites By Carlson, Carlisle, PA",Carlisle,PA,40.1852,-77.2299,"Hotel,Hotels Motels,Budget Hotels,Family-friendly Hotels",Accommodation & Food Services,1,5.0
Best Western Kennesaw Inn,Kennesaw,GA,34.032859,-84.573784,"Hotel,Hotels",Accommodation & Food Services,4,3.5
Kelleys Island Venture Resort,Kelleys Island,OH,41.5961,-82.7249,"Resort,Hotels Motels,Resorts,Hotel,Hotels",Accommodation & Food Services,1,4.0
Hampton Inn Gloucester,Gloucester,VA,37.39372,-76.52547,"Hotel,Hotels,Lodging,Corporate Lodging",Accommodation & Food Services,20,4.5
Ramada BWI Airport/Arundel Mills,Hanover,MD,39.17304,-76.73313,"Hotels,Hotel,Banquet Halls and Reception Facilities",Accommodation & Food Services,87,3.2298850574712645
"Extended Stay America Washington, D.C. - Springfield",Springfield,VA,38.76982,-77.17879,"Hotels,Lodging,Motels,Corporate Lodging,Hotels-Apartment,Hotels Motels,Hotel",Accommodation & Food Services,18,2.8333333333333335
Best Western Plus Virginia Beach,Virginia Beach,VA,36.856945,-75.97713,"Hotels,Hotel",Accommodation & Food Services,59,3.711864406779661
Comfort Inn Suites Virginia Beach Oceanfront,Virginia Beach,VA,36.84888,-75.97483,"Hotels,Hotel,Lodging,Corporate Lodging,Motels,Hotels Motels,Family-friendly Hotels,Tourist Hotels,Business Hotels,Budget Hotels",Accommodation & Food Services,12,4.583333333333333
Extended Stay America Hampton - Coliseum,Hampton,VA,37.03713,-76.387085,"Hotels,Corporate Lodging,Hotels-Apartment,Lodging,Motels,Hotel",Accommodation & Food Services,11,3.0
Hampton Inn Suites Columbia/South,Columbia,MD,39.17615,-76.84514,"Hotels,Hotel,Lodging,Corporate Lodging",Accommodation & Food Services,17,4.470588235294118
Metro Points Hotel-Washington North,Hyattsville,MD,38.957893,-76.86916,"Hotels,Hotel",Accommodation & Food Services,202,3.702970297029703
"Extended Stay America Washington, D.C. - Alexandria-Landmark",Alexandria,VA,38.81712,-77.139534,"Hotels,Corporate Lodging,Hotels-Apartment,Lodging,Motels,Hotel",Accommodation & Food Services,8,3.0
"Holiday Inn Express and Suites Exmore, Eastern Shore",Exmore,VA,37.528902,-75.832143,"Hotels,Hotels & Motels,Wedding Sites,Meeting Facilities,Hotel",Accommodation & Food Services,6,3.8333333333333335
Holiday Inn Express Prince Frederick,Prince Frederick,MD,38.53535,-76.58334,"Hotels,Hotel",Accommodation & Food Services,22,3.772727272727273
"The Virginian Suites, an Ascend Hotel Collection Member",Arlington,VA,38.89089,-77.07386,"Hotels,Lodging,Hotel,Hotels and motels",Accommodation & Food Services,86,4.0813953488372094
Days Inn Chincoteague Island,Chincoteague Island,VA,37.92551,-75.35489,"Hotel,Hotels",Accommodation & Food Services,13,2.923076923076923
Hampton Inn-lincolnton,Lincolnton,NC,35.478893,-81.23537,"Hotels and motels,Hotel",Accommodation & Food Services,1,5.0
Super 8-wytheville,Wytheville,VA,36.9675,-81.0639,"Hotels and motels,Hotels Motels,Budget Hotels,Extended Stay,Hotel,Hotels,Hotels & Motels",Accommodation & Food Services,2,3.0
Residence Inn Naples,Naples,FL,26.195913,-81.800545,"Hotel,Hotels Motels,Hotels & Motels",Accommodation & Food Services,7,4.714285714285714
Comfort Suites-Texarkana,Texarkana,AR,33.47507,-94.0337,"Hotels,Hotel",Accommodation & Food Services,1,4.0
Hampton Inn & Suites Tulsa South-bixby,Tulsa,OK,36.01048,-95.88421,"Hotels and motels,Hotel,Hotel Pool,Corporate Lodging,Hotels,Lodging,Hotel and Hotel Pool",Accommodation & Food Services,5,4.2
Grand Hyatt Tampa Bay,Tampa,FL,27.9667,-82.5495,"Restaurants,Hotel,Hotels,Hotels Motels,Family-friendly Hotels,Tourist Hotels,Weekend Getaway Hotels,Budget Hotels,Lodging,Business Hotels",Accommodation & Food Services,11,4.636363636363637
Inn At Cross Keys Station,Madras,OR,44.643402,-121.13107,"Hotels and motels,Hotel,Hotels Motels,Hotels,Hotels & Motels,Lodging,Bed & Breakfast & Inns,Motels",Accommodation & Food Services,5,3.6
Stage Stop Hotel,Springfield,CO,37.40374,-102.61666,"Hotels,Lodging,Motels,Corporate Lodging,Hotel",Accommodation & Food Services,1,3.0
Siesta Motel,Newington,CT,41.69533,-72.70536,"Motels,Hotels,Hotels-Apartment,Lodging,Hotel and motel mgmt.,Hotels and motels,Hotels Motels,Hotel",Accommodation & Food Services,1,3.0
Days Inn - Wytheville,Wytheville,VA,36.9469,-81.05391,"Motels,Hotels,Lodging,Corporate Lodging,Hotels and motels,Hotels Motels,Family-friendly Hotels,Tourist Hotels,Business Hotels,Budget Hotels,Hotel,Travel and Tourism,Pet Friendly Hotels,Hotels & Motels",Accommodation & Food Services,3,3.6666666666666665
Best Western Territorial Inn Suites,Bloomfield,NM,36.70791,-107.98583,"Lodging,Hotels,Hotel",Accommodation & Food Services,5,4.6
Riviera Motel,Aurora,CO,39.73977,-104.88174,"Motels,Lodging,Hotels,Hotels and motels,Hotel",Accommodation & Food Services,1,1.0
Coral Beach Resort and Suites,Myrtle Beach,SC,33.6764,-78.898,"Hotels & Motels,Business Hotels,Family-Friendly Hotels,Tourist Hotels,Luxury Hotels,Weekend Getaway Hotels,Resorts,Golf Resorts,Hotels Motels,Hotel",Accommodation & Food Services,1,4.0
Hampton Inn & Suites Salisbury Fruitland,Fruitland,MD,38.32658,-75.61477,"Hotel,Hotels,Lodging,Corporate Lodging",Accommodation & Food Services,3,5.0
Four Points by Sheraton Jacksonville Baymeadows,Jacksonville,FL,30.21622,-81.51163,"Hotels,Lodging,Hotel,Hotels and motels,restaurants",Accommodation & Food Services,6,3.6666666666666665
Fireside Motel,Yachats,OR,44.3226,-124.1019,"Motel,Hotels and motels,Hotels Motels,Hotels,Lodging,Hotel,Motels",Accommodation & Food Services,5,4.6
Super 8 Indio,Indio,CA,33.71028,-116.23897,"Hotel,Motel,Hotels & Motels,Budget Hotels",Accommodation & Food Services,2,4.0
Inn at Middletown,Middletown,CT,41.557503,-72.64734,"Hotel,Hotels Motels,Lodging,Bed Breakfasts",Accommodation & Food Services,3,4.666666666666667
Courtyard Bloomington,Bloomington,IN,39.164024,-86.535065,"Hotel,Hotels Motels",Accommodation & Food Services,1,3.0
Four Points By Sheraton Charlotte-pineville,Pineville,NC,35.08876,-80.88061,"Hotels and motels,Hotel,Hotels,Lodging,Hotels Motels,Hotels & Motels",Accommodation & Food Services,2,4.5
Best Western Plus Sikeston,Sikeston,MO,36.89166,-89.53029,"Lodging,Hotels,Hotels Motels,Hotel",Accommodation & Food Services,4,4.75
Bogue Inlet Motel,Emerald Isle,NC,34.66222,-77.03402,"Motels,Hotels,Lodging,Hotels Motels,Hotel",Accommodation & Food Services,2,1.5
Super 8 Alton,Alton,IL,38.91786,-90.16267,"Travel & Transport,Hotels & Motels,Hotels and motels,Lodging,Motels,Hotels Motels,Budget Hotels,Hotel,Hotels",Accommodation & Food Services,7,2.857142857142857
Courtyard San Antonio SeaWorld¬Æ/Lackland,San Antonio,TX,29.46206,-98.62104,"Hotel,Meeting Room,Hotels Motels",Accommodation & Food Services,1,3.0
NYLO Plano at Legacy,Plano,TX,33.08878,-96.80627,"Hotel,Cocktail Bar,Lounge,Hotels,Hotels Motels,Family-friendly Hotels,Tourist Hotels,Lodging,Business Hotels,Budget Hotels",Accommodation & Food Services,6,3.8333333333333335
Holiday Inn Express Windsor Sonoma Wine Country,Windsor,CA,38.546457,-122.809174,"Hotel,Hotels,Family-Friendly Hotels,Budget Hotels,Hotels & Motels,Business Hotels,Beach Hotels,Lodging,Resorts,Weekend Getaway Hotels,Tourist Hotels",Accommodation & Food Services,2,3.0
Bardessono,Yountville,CA,38.4029,-122.3603,"Hotel,Bar,Hotels,Hotels and motels,Hotel and motel reservations,Restaurants,Lodging,Hotels Motels,Hotel and Bar",Accommodation & Food Services,6,5.0
Holiday Inn Express & Suites Los Angeles Downtown West,Los Angeles,CA,34.0587,-118.2739,"Hotel,Hotels Motels,Family-friendly Hotels,Tourist Hotels,Weekend Getaway Hotels,Resorts,Beach Hotels,Budget Hotels,Lodging,Business Hotels,Wedding Receptions & Parties,Convention & Meeting Facilities & Services,Hotels",Accommodation & Food Services,3,3.6666666666666665
Super 8 Dubois,Dubois,WY,43.54667,-109.66234,"Lodging,Motels,Hotels and motels,Hotel and motel reservations,Hotels Motels,Budget Hotels,Hotel",Accommodation & Food Services,1,5.0
Comfort Inn Suites,Cheyenne,WY,41.11645,-104.80513,"Hotels,Lodging,Motels,Travel and Tourism,Hotel",Accommodation & Food Services,16,4.375
Carter Iva,Newcastle,WY,43.85843,-104.19614,"Hotels,Lodging,Motels,Hotel",Accommodation & Food Services,1,4.0
Days Inn Gillette,Gillette,WY,44.27597,-105.48853,"Hotels,Lodging,Motels,Hotels and motels,Hotel and motel reservations,Hotels Motels,Budget Hotels,Hotel,Hotels & Motels",Accommodation & Food Services,8,3.625
Best Western Of Walterboro,Walterboro,SC,32.88091,-80.71389,"Hotels,Lodging,Hotel,Hotels Motels",Accommodation & Food Services,10,3.8
Crossland Economy Studios Spartanburg - Asheville Hwy.,Spartanburg,SC,34.98492,-81.96982,"Hotels,Motels,Lodging,Corporate Lodging,Hotels-Apartment,Spa,Hotel",Accommodation & Food Services,1,3.0
Hartsville Motel,Hartsville,SC,34.38305,-80.07719,"Motels,Hotels,Lodging,Corporate Lodging,Hotels Motels,Hotel",Accommodation & Food Services,1,2.0
Courtyard by Marriott Clemson,Clemson,SC,34.68927,-82.81385,"Hotels,Lodging,Motels,Corporate Lodging,Hotels Motels,Hotel",Accommodation & Food Services,1,4.0
Hampton Inn Suites Orangeburg,Orangeburg,SC,33.55326,-80.82463,"Hotels,Lodging,Corporate Lodging,Hotel",Accommodation & Food Services,3,5.0
Best Western Inn,Florence,SC,34.22543,-79.79637,"Hotels,Lodging,Hotel,Hotels Motels,Travel and Tourism",Accommodation & Food Services,2,5.0
Great View Motel,Fort Covington,NY,44.98287,-74.51778,"Motels,Lodging,Hotels,Hotels Motels,Hotel",Accommodation & Food Services,2,2.5
Otsego Motel,East Springfield,NY,42.83037,-74.80929,"Motels,Hotels,Lodging,Hotels and motels,Hotels Motels,Hotel",Accommodation & Food Services,1,5.0
Best Western Dunkirk Fredonia Inn,Dunkirk,NY,42.46034,-79.31647,"Hotels,Lodging,Hotels Motels,Hotel",Accommodation & Food Services,6,4.0
Best Western Blackwell Inn,Blackwell,OK,36.81465,-97.33988,"Hotels,Lodging,Hotel,Motels",Accommodation & Food Services,1,5.0
Longhorn Motel,Boise City,OK,36.72937,-102.50123,"Motels,Hotels,Lodging,Hotel",Accommodation & Food Services,1,1.0
Hurd La Rinconada Gallery Guest Homes,San Patricio,NM,33.40756,-105.33138,"Hotels,Hotel",Accommodation & Food Services,1,5.0
Lifts West Condominium Hotel,Red River,NM,36.70869,-105.4075,"Hotels,Lodging,Motels,Hotel",Accommodation & Food Services,2,5.0
Sunshine Motel,Las Vegas,NM,35.60471,-105.21223,"Lodging,Hotels Motels,Motels,Hotels,Hotel,Hotels & Motels",Accommodation & Food Services,1,5.0
Hiway House Motel,Albuquerque,NM,35.08025,-106.60919,"Motels,Hotels,Lodging,Hotel",Accommodation & Food Services,2,3.5
Best Western Executive Inn,Marshall,TX,32.49535,-94.35807,"Hotels,Lodging,Hotel,Event Planning,Corporate Housing",Accommodation & Food Services,4,4.5
Candlewood Suites Ft. Lauderdale Airport/Cruise,Fort Lauderdale,FL,26.0922,-80.153,"Hotel,Conference Room,Meeting Room,Hotels Motels,Family-friendly Hotels,Tourist Hotels,Hotels",Accommodation & Food Services,8,4.625
Element Harrison - Newark,Harrison,NJ,40.74016,-74.1558,"Hotel,Hotels and motels,Hotels,Lodging,Hotel and Motel Consultants,Motels",Accommodation & Food Services,3,4.333333333333333
Best Western Ambassador Inn & Suites,Wisconsin Dells,WI,43.6225,-89.79475,"Hotel,Hotels,Lodging,Hotel and motel mgmt.,Hotels and motels,Hotels Motels",Accommodation & Food Services,11,4.363636363636363
Best Western Central Inn,Savannah,GA,32.01,-81.1158,"Hotel,Hotel and motel mgmt.,Hotels and motels,Restaurants,American restaurants,Hotels Motels,Lodging,Family-friendly Hotels,Budget Hotels,Business Hotels,Corporate Housing,Hotels",Accommodation & Food Services,6,3.5
Best Western Premier The Central Hotel & Conference Center,Harrisburg,PA,40.27362,-76.81537,"Hotel,Hotels,Lodging,Hotels Motels",Accommodation & Food Services,17,4.529411764705882
Best Western Old Mill Inn,Omaha,NE,41.26547,-96.08618,"Hotel,Hotels,Hotels Motels",Accommodation & Food Services,5,3.2
Bricktown Hotel & Convention Center,Oklahoma City,OK,35.4647,-97.4759,"Hotel,Bed Breakfast,Attractions,Lodging,Hotels & Motels,Business Hotels,Family-Friendly Hotels,Weekend Getaway Hotels,Hotels Motels",Accommodation & Food Services,3,4.666666666666667
Residence Inn Omaha Downtown/Old Market Area,Omaha,NE,41.25938,-95.93621,"Hotels,Lodging,Hotels Motels,Conference Convention Centers,Bed Breakfasts,Hotel",Accommodation & Food Services,6,5.0
Hampton Inn Omaha Midtown-Aksarben Area,Omaha,NE,41.24565,-96.02306,"Hotels,Lodging,Corporate Lodging,Hotel",Accommodation & Food Services,2,3.5
Schooner Creek Resort,Kimberling City,MO,36.63938,-93.41354,"Resorts,Lodging,Hotel,Hotels",Accommodation & Food Services,1,2.0
Tropicana Motel,Wauchula,FL,27.56321,-81.81509,"Motels,Hotels,Hotels and motels,Hotel and motel reservations,Lodging,Hotel",Accommodation & Food Services,2,2.0
Best Western Lake Okeechobee,Okeechobee,FL,27.20806,-80.83182,"Hotels,Lodging,Hotel and motel mgmt.,Hotels and motels,Hotel and motel reservations,Family-friendly Hotels,Hotels Motels,Budget Hotels,Business Hotels,Corporate Housing,Hotels & Motels,Hotel",Accommodation & Food Services,2,3.0
Hampton Inn Suites Lake Mary At Colonial Townpark,Lake Mary,FL,28.78799,-81.3551,"Hotels,Lodging,Corporate Lodging,Hotels and motels,Hotel",Accommodation & Food Services,6,4.166666666666667
Hotel Evernia,West Palm Beach,FL,26.71171,-80.05753,"Hotels,Lodging,Hotels and motels,Apartment Operators,Hotels Motels,Hotel",Accommodation & Food Services,2,2.5
Hampton Inn Suites Fort Myers-Colonial Blvd.,Fort Myers,FL,26.5991,-81.84448,"Hotels,Motels,Lodging,Corporate Lodging,Hotels Motels,Family-friendly Hotels,Tourist Hotels,Business Hotels,Budget Hotels,Hotel,Resort",Accommodation & Food Services,16,4.9375
Suburban Extended Stay,Lakeland,FL,28.09916,-81.97603,"Hotels,Lodging,Hotels-Apartment,Hotel",Accommodation & Food Services,1,2.0
Pousada Suites,Hollywood,FL,26.02935,-80.11551,"Motels,Hotels and motels,Hotel and motel reservations,Hotel",Accommodation & Food Services,2,4.0
Holiday Inn Express Grove City (Outlet Center),Mercer,PA,41.143414,-80.16579,"Hotel,Hotels Motels,Family-friendly Hotels,Tourist Hotels,Weekend Getaway Hotels,Resorts,Beach Hotels,Budget Hotels,Lodging,Business Hotels,Corporate Lodging,Hotel and Meeting Room,Hotels",Accommodation & Food Services,1,4.0
Best Western Country Inn,Temecula,CA,33.5138,-117.1588,"Hotel,Hotels Motels,Event Planning,Hotels",Accommodation & Food Services,6,3.1666666666666665
Hampton Inn & Suites Fremont,Fremont,OH,41.39669,-83.11053,"Hotel,Hotels,Lodging,Corporate Lodging,Hotels and motels",Accommodation & Food Services,3,3.6666666666666665
Meadowlands Plaza Hotel,Secaucus,NJ,40.797259,-74.063919,"Hotel,Motel,Hotels and motels,Hotel and motel reservations,Hotels",Accommodation & Food Services,3,3.6666666666666665
Concord Suites,Avalon,NJ,39.06462,-74.74948,"Hotel,Hotels and motels,Hotels,Motels,Lodging",Accommodation & Food Services,2,4.5
Inn by the Lake,South Lake Tahoe,CA,38.9452,-119.97147,"Hotel,Hotels,Lodging,Motels",Accommodation & Food Services,28,3.9285714285714284
Best Western Plus Denton Inn & Suites,Denton,TX,33.2311,-97.1723,"Hotel,Hotel and motel mgmt.,Hotels and motels,Hotel and motel reservations,Hotels Motels,Hotels,Lodging,Travel and Tourism",Accommodation & Food Services,4,4.5
Oxford Suites Silverdale,Silverdale,WA,47.6497,-122.6936,"Hotel,Hotels Motels",Accommodation & Food Services,2,5.0
Courtyard Louisville Airport,Louisville,KY,38.19221,-85.74287,"Hotel,Hotels,Lodging,Corporate Lodging",Accommodation & Food Services,1,5.0
Palmeiras Beach Club at Grove Isle,Miami,FL,25.736954,-80.21826,"Mediterranean Restaurant,Hotel,Hotel Bar,Hotels,Restaurant",Accommodation & Food Services,1,1.0
Courtyard Sunnyvale Mountain View,Sunnyvale,CA,37.369386,-122.039079,"Hotel,Hotels",Accommodation & Food Services,1,5.0
Aloft Sarasota,Sarasota,FL,27.33391,-82.54134,"Hotel,Hotels and motels,Hotels,Lodging",Accommodation & Food Services,2,5.0
"Brisas del Mar, Inn at the Beach",Santa Barbara,CA,34.410095,-119.69732,"Hotel,Hotels,Hotels Motels,Bed Breakfasts",Accommodation & Food Services,6,4.333333333333333
"The Dana On Mission Bay, BW Premier Collection",San Diego,CA,32.765917,-117.237704,"Hotel,Resort,Harbor / Marina,Hotels & Motels,American Restaurant,Hotels,Hotel Bar",Accommodation & Food Services,6,4.5
Ferrari's Crown Resort,Kings Beach,CA,39.23726,-120.02821,"Resort,Hotel,Hotels and motels,Hotel and motel reservations,Resorts,Hotels,Hotels Motels,Resort, Hotel Pool, and Hotel,Lodging,Motels",Accommodation & Food Services,2,4.0
Aqua Beach Inn,Myrtle Beach,SC,33.695808,-78.876858,"Hotel,Hotels",Accommodation & Food Services,13,4.076923076923077
Four Points by Sheraton Columbus Ohio Airport,Columbus,OH,40.00243,-82.92713,"Hotel,Hotel Bar,Hotels,Hotels and motels,Hotels Motels",Accommodation & Food Services,4,4.25
Holiday Inn Express & Suites Tacoma Downtown,Tacoma,WA,47.2429,-122.4379,"Hotel,Meeting Room,Hotels and motels,Hotel and motel reservations,Hotels Motels,Family-friendly Hotels,Tourist Hotels,Weekend Getaway Hotels,Resorts,Beach Hotels,Budget Hotels,Lodging,Business Hotels,Hotels & Motels",Accommodation & Food Services,4,3.5
Hyatt Place Atlanta-East/Lithonia,Lithonia,GA,33.70112,-84.098459,"Hotel,Hotels",Accommodation & Food Services,6,3.6666666666666665
Holiday Inn Express & Suites Fresno (River Park) Hwy 41,Fresno,CA,36.839951,-119.784165,"Hotel,Hotels & Motels,Conference & Convention Centers,Lodging,Beach Hotels,Budget Hotels,Business Hotels,Family-Friendly Hotels,Tourist Hotels,Weekend Getaway Hotels,Resorts,Hotel and Meeting Room Woodward Park",Accommodation & Food Services,4,5.0
Hilton Garden Inn Valley Forge/Oaks,Phoenixville,PA,40.130295,-75.450645,"Hotel,Hotels and motels",Accommodation & Food Services,11,4.545454545454546
Hyatt Place Houston/Sugar Land,Sugar Land,TX,29.602158,-95.624944,"Hotel,Hotels and motels,Hotel and motel reservations,Restaurants,American restaurants,Hotels,E-Commerce",Accommodation & Food Services,1,5.0
Best Western Route 66 Rail Haven,Springfield,MO,37.20853,-93.26258,"Hotel,Hotels,Lodging",Accommodation & Food Services,6,4.833333333333333
Hampton Inn Atlanta-Mall Of Georgia,Buford,GA,34.06565,-83.98985,"Hotel,Hotels and motels,Hotels,Lodging,Corporate Lodging",Accommodation & Food Services,1,4.0
"Quality Hotel & Suites ""At The Falls""",Niagara Falls,NY,43.08565831,-79.06208038,"Hotel,Lodging,Hotels And Motels",Accommodation & Food Services,4,2.25
Holiday Inn Express & Suites Portland-Jantzen Beach,Portland,OR,45.615384,-122.690974,"Hotel,Hotels Motels,Family-friendly Hotels,Tourist Hotels,Weekend Getaway Hotels,Resorts,Beach Hotels,Budget Hotels,Lodging,Business Hotels,Hotels,Hotels & Motels",Accommodation & Food Services,3,3.6666666666666665
Hampton Inn & Suites Camarillo,Camarillo,CA,34.220657,-119.07101,"Hotel,Hotels and motels,Hotels",Accommodation & Food Services,24,4.416666666666667
Best Western Luxury Inn,Tracy,CA,37.7619,-121.4377,"Hotel,Hotels Motels,Hotels",Accommodation & Food Services,10,3.2
Sleep Inn & Suites Central/I-44,Tulsa,OK,36.11478,-95.88877,"Hotel,Hotels,Lodging,Motels,Corporate Lodging",Accommodation & Food Services,1,4.0
Suburban Extended Stay Hotel,Port Arthur,TX,29.93453,-93.97645,"Hotels,Lodging,Hotels-Apartment,Hotel",Accommodation & Food Services,4,4.25
Bendel Executive Suites,Lafayette,LA,30.20076,-92.0182,"Hotels,Hotels and motels,Hotel and motel reservations,Lodging,Motels,Hotel",Accommodation & Food Services,2,5.0
Best Western Plus Vermilion River Suites Hotel,Lafayette,LA,30.19098,-92.01345,"Hotels,Lodging,Corporate Housing,Hotels Motels,Hotel",Accommodation & Food Services,1,5.0
SpringHill Suites Lafayette South at River Ranch,Lafayette,LA,30.16839,-92.04048,"Hotels,Lodging,Motels,Hotels and motels,Hotel and motel reservations,Hotel,Hotels Motels,Travel and Tourism",Accommodation & Food Services,1,5.0
"Motel 6 Lake Charles, LA",Lake Charles,LA,30.25,-93.18065,"Hotels,Lodging,Motels,Hotel",Accommodation & Food Services,1,2.0
Oxford Suites Boise,Boise,ID,43.59173,-116.27954,"Hotels,Lodging,Motels,Hotels Motels,Hotel,Event Space,Hotel and Event Space Southwest",Accommodation & Food Services,18,4.5
Mayberry Motor Inn,Mount Airy,NC,36.51006,-80.62639,"Motels,Lodging,Hotels,Hotels and motels,Hotels Motels,Hotel",Accommodation & Food Services,2,4.5
Japan House Suites,Coeur d'Alene,ID,47.67357,-116.7559,"Hotels,Lodging,Motels,Hotel",Accommodation & Food Services,1,4.0
Comfort Inn South,Kingsport,TN,36.47651,-82.49277,"Hotels,Lodging,Corporate Lodging,Motels,Hotels Motels,Hotel",Accommodation & Food Services,1,5.0
Three Oaks Motel,Titusville,FL,28.60758,-80.80804,"Motels,Hotels,Lodging,Hotels and motels,Hotel and motel reservations,Hotel",Accommodation & Food Services,1,1.0
Hilton Garden Inn Tallahassee Central,Tallahassee,FL,30.43079,-84.24962,"Hotels,Lodging,Hotel,Hotel Bar,Resort",Accommodation & Food Services,10,4.1
Home2 Suites by Hilton Tallahassee State Capitol,Tallahassee,FL,30.44066,-84.26344,"Hotels,Lodging,Hotel",Accommodation & Food Services,10,5.0
Extended Stay America Syracuse - Dewitt,East Syracuse,NY,43.09207,-76.0844,"Hotel,Motel,Hotels,Lodging,Motels,Hotels-Apartment,Corporate Lodging,Hotels Motels,Hotel and Motel",Accommodation & Food Services,2,4.0
Residence Inn Camarillo,Camarillo,CA,34.21418,-119.03104,"Hotel,Hotels,Lodging,Hotels & Motels",Accommodation & Food Services,4,4.25
Hilton Garden Inn Bowling Green,Bowling Green,KY,36.96894,-86.43103,"Hotels,Lodging,Hotels and motels,Hotel,Travel and Tourism,Budget Hotels,Hotels & Motels",Accommodation & Food Services,2,4.5
Hampton Inn Bowling Green,Bowling Green,KY,36.93825,-86.42222,"Hotels,Lodging,Corporate Lodging,Hotel,Hotels and motels,Hotel and motel reservations",Accommodation & Food Services,11,4.181818181818182
Harbourfront Motel,Lexington,MI,43.2647,-82.52784,"Motels,Lodging,Hotels,Hotels Motels,Hotel",Accommodation & Food Services,1,4.0
River Side Motel Marina,Manistee,MI,44.24713,-86.33132,"Motels,Lodging,Hotels,Resorts,Hotels Motels,Marinas,Hotel,Hotels & Motels,Hotels and Motels",Accommodation & Food Services,1,3.0
Brentwood Lodging,Indian River,MI,45.39307,-84.63174,"Hotels,Lodging,Motels,Hotels and motels,Hotel,Hotels Motels,Hotels & Motels",Accommodation & Food Services,1,4.0
Americas Best Value Inn - Charlotte,Charlotte,MI,42.55217,-84.82525,"Hotels,Lodging,Motels,Hotels and motels,Hotel and motel reservations",Accommodation & Food Services,3,3.6666666666666665
North Port Motel,Copper Harbor,MI,47.47017,-87.89198,"Motels,Hotels,Lodging,Hotels Motels,Hotel",Accommodation & Food Services,1,4.0
Value Host Motor Inn,Marquette,MI,46.54273,-87.41838,"Hotels,Lodging,Motels,Hotel",Accommodation & Food Services,4,4.5
Bar Harbor Motel,Bar Harbor,ME,44.39581,-68.22598,"Hotels,Lodging,Motels,Hotels and motels,Hotels Motels,Travel and Tourism,Hotels & Motels,Hotel",Accommodation & Food Services,8,4.875
Acadia Suites,Bar Harbor,ME,44.38079,-68.20399,"Hotels,Lodging,Motels,Hotels Motels,Hotel",Accommodation & Food Services,2,5.0
Robbins Motel,Bar Harbor,ME,44.43052,-68.26963,"Lodging,Motels,Hotels and motels,Hotel",Accommodation & Food Services,3,2.6666666666666665
Ocean House Hotel,Port Clyde,ME,43.927223,-69.253334,"Lodging,Motels,Hotels and motels,Hotels Motels,Hotels & Motels,Hotel",Accommodation & Food Services,2,3.5
Americas Best Value Inn Suites Grand Island,Grand Island,NE,40.89106,-98.3393,"Hotels,Lodging,Motels,Hotel",Accommodation & Food Services,1,5.0
Days Inn Mattoon,Mattoon,IL,39.48323,-88.34597,"Hotels,Lodging,Motels,Corporate Lodging,Hotels Motels,Budget Hotels,Business Hotels,Family-friendly Hotels,Tourist Hotels,Hotel",Accommodation & Food Services,8,3.75
Americas Best Value Inn Suites,Pinckneyville,IL,38.083,-89.33598,"Hotels,Lodging,Motels,Hotel,Travel & Transport,Hotels & Motels",Accommodation & Food Services,1,3.0
Paxton Inn Motel,Paxton,IL,40.45457,-88.1156,"Lodging,Travel & Transport,Hotels & Motels,Motels,Hotel",Accommodation & Food Services,1,4.0
Americas Best Value Inn,Auburn,ME,44.10869,-70.22699,"Hotels,Lodging,Motels,Hotels and motels,Hotel and motel reservations,Hotels Motels,Hotel",Accommodation & Food Services,13,3.3076923076923075
Hampton Inn Macomb,Macomb,IL,40.45859,-90.64939,"Hotels,Lodging,Corporate Lodging,Hotel and Hotel Pool,Hotel",Accommodation & Food Services,2,3.5
Magnuson Hotel Heritage Inn,Rantoul,IL,40.30645,-88.17536,"Hotels,Hotels and motels,Hotel and motel reservations,Hotels Motels,Family-friendly Hotels,Lodging,Business Hotels,Budget Hotels,Hotel",Accommodation & Food Services,1,3.0
Best Western Riverside Inn,Danville,IL,40.122143,-87.63583,"Hotels,Lodging,Hotel and motel mgmt.,Hotels and motels,Travel & Transport,Hotels & Motels,Hotels Motels,Event Planning,Hotel",Accommodation & Food Services,1,4.0
Best Western Regency Inn,Danville,IL,40.1212,-87.54303,"Hotels,Lodging,Hotel and motel mgmt.,Hotels and motels,Travel & Transport,Hotels & Motels,Hotel,Hotels Motels",Accommodation & Food Services,1,3.0
Best Western Plus Peoria,East Peoria,IL,40.67142,-89.5763,"Hotels,Lodging,Hotel",Accommodation & Food Services,1,5.0
Hampton Inn Champaign Urbana,Urbana,IL,40.11695,-88.22475,"Hotels,Lodging,Corporate Lodging,Hotels and motels,Hotel",Accommodation & Food Services,2,5.0
Motel 6 Lafayette - University Ave,Lafayette,LA,30.24962,-92.03656,"Hotels,Lodging,Motels,Hotel",Accommodation & Food Services,1,1.0
Wingate by Wyndham Lake Charles Casino Area,Lake Charles,LA,30.1977,-93.24756,"Lodging,Hotels,Corporate Lodging,Gambling casinos,Hotels and motels,Hotel",Accommodation & Food Services,2,5.0
Best Western Plus Executive Hotel Suites,Sulphur,LA,30.21458,-93.32673,"Hotels,Executive Suites,Hotels Motels,Hotel",Accommodation & Food Services,2,4.5
The Lodge at Pebble Beach,Pebble Beach,CA,36.568333,-121.95,"Hotel,Resort,Hotels,Hotel and Resort",Accommodation & Food Services,4,4.75
SpringHill Suites Los Angeles LAX/Manhattan Beach,Hawthorne,CA,33.89897,-118.377815,"Hotel,Hotels",Accommodation & Food Services,4,4.75
Courtyard Philadelphia Plymouth Meeting,Plymouth Meeting,PA,40.12212,-75.28333,"Hotel,Meeting Room,Hotels Motels,Convention & Meeting Facilities & Services,Hotels",Accommodation & Food Services,3,3.6666666666666665
Best Western Post Oak Inn,Burnet,TX,30.75953,-98.23963,"Lodging,Hotels,Hotels Motels,Hotel",Accommodation & Food Services,7,4.285714285714286
Arrowhead Motel,Burnet,TX,30.75835,-98.23036,"Hotels,Lodging,Motels,Hotel",Accommodation & Food Services,1,1.0
Frederick Hotel Cafe,Loup City,NE,41.27468,-98.96891,"Hotels,Lodging,Restaurants,Restaurant,Hotel",Accommodation & Food Services,1,4.0
Best Western West Hills Inn,Chadron,NE,42.82176,-103.01637,"Hotels,Lodging,Hotel,Hotels Motels,Motels",Accommodation & Food Services,1,5.0
Best Western Plus Grand Island Inn Suites,Grand Island,NE,40.89572,-98.33933,"Hotels,Lodging,Hotel,Hotels Motels,Travel and Tourism,Motels",Accommodation & Food Services,2,5.0
Hilton Garden Inn Lincoln Downtown Haymarket,Lincoln,NE,40.81691,-96.70992,"Hotels,Lodging,Hotel",Accommodation & Food Services,2,4.0
Berry Pond Motel,Moultonborough,NH,43.756012,-71.394135,"Motels,Lodging,Hotels Motels,Hotels & Motels,Hotel,Moultonborough Hotels",Accommodation & Food Services,1,5.0
Carroll Motel Cottages,Twin Mountain,NH,44.27489,-71.54113,"Cottages,Lodging,Cabins and Chalets,Hotel,Hotels",Accommodation & Food Services,2,5.0
Americas Best Value Inn Las Vegas,Las Vegas,NV,36.10071,-115.16581,"Hotels,Lodging,Motels,Hotels and motels,Hotel and motel reservations,Hotel",Accommodation & Food Services,1,1.0
Fun City Motel,Las Vegas,NV,36.14479,-115.15584,"Motels,Hotels,Lodging,Hotel",Accommodation & Food Services,1,1.0
Hearthside Village Cottage Motel,Bethlehem,NH,44.27997,-71.6951,"Hotels,Lodging,Hotel",Accommodation & Food Services,1,5.0
"My Place Hotel-Grand Forks, ND",Grand Forks,ND,47.90897,-97.08805,"Hotels,Hotels and motels,Hotels Motels,Hotel",Accommodation & Food Services,4,4.75
"Country Inn & Suites By Carlson, Ithaca, NY",Ithaca,NY,42.407176,-76.503024,"Hotel,Business Services,Hotels,Family-Friendly Hotels,Hotels & Motels,Budget Hotels,Business Hotels,Tourist Hotels",Accommodation & Food Services,4,4.5
Courtyard Boston Andover,Andover,MA,42.694687,-71.19811,"Hotel,Corporate Lodging,Hotels,Lodging,Motels",Accommodation & Food Services,2,4.5
Best Western Inn of Nacogdoches,Nacogdoches,TX,31.57381,-94.67471,"Hotels,Lodging,Hotels Motels,Hotel",Accommodation & Food Services,2,4.5
Hampton Inn Suites Indianapolis-Keystone,Indianapolis,IN,39.91762,-86.10663,"Hotels,Lodging,Corporate Lodging,Hotel",Accommodation & Food Services,1,5.0
Hampton Inn Lafayette,Lafayette,IN,40.41704,-86.83044,"Hotels,Lodging,Corporate Lodging,Hotel",Accommodation & Food Services,4,5.0
Courtyard by Marriott Lafayette,Lafayette,IN,40.41616,-86.83234,"Hotels,Lodging,Motels,Corporate Lodging,Hotels Motels,Hotel",Accommodation & Food Services,1,5.0
Hampton Inn Knoxville/Clinton I-75,Clinton,TN,36.16523,-84.08594,"Hotels,Lodging,Corporate Lodging,Hotel",Accommodation & Food Services,1,5.0
The Cub Motel,Cosby,TN,35.79789,-83.23808,"Motels,Lodging,Hotels,Hotels Motels,Hotel",Accommodation & Food Services,4,3.75
America's Best Value Inn Suites,Mount Pleasant,TN,35.55765,-87.1886,"Hotels,Motels,Lodging,Hotel",Accommodation & Food Services,1,3.0
Richland Inn - Lewisburg,Lewisburg,TN,35.44497,-86.77547,"Hotels,Hotel,Hotels Motels",Accommodation & Food Services,3,3.0
Days Inn Savannah,Savannah,TN,35.20372,-88.24461,"Lodging,Hotels,Motels,Hotels Motels,Hotel",Accommodation & Food Services,1,4.0
Best Western Dayton,Dayton,TN,35.51435,-84.99953,"Hotels,Lodging,Hotels Motels,Hotel",Accommodation & Food Services,6,4.0
Hat City Tavern,Danbury,CT,41.3887788,-73.5151005,"Hotel Bar,American Restaurant,Hotels,Hotel,Beer Garden,Event Space",Accommodation & Food Services,3,5.0
Hampton Inn Suites Hudson,Hudson,WI,44.9577,-92.72025,"Lodging,Corporate Lodging,Hotels,Hotel",Accommodation & Food Services,3,4.666666666666667
Quality Inn East,Evansville,IN,37.99225,-87.49005,"Hotels,Motels,Corporate Lodging,Hotels Motels,Hotels & Motels,Hotel",Accommodation & Food Services,2,3.5
Best Western Plus Raton Hotel,Raton,NM,36.88481,-104.4348,"Hotels,Lodging,Hotels Motels,Hotel,Hotels & Motels",Accommodation & Food Services,12,4.916666666666667
Deer Crest Resort,Estes Park,CO,40.38362,-105.545,"Resorts,Lodging,Hotels,Hotels Motels,Hotel,Travel & Transport,Hotels & Motels",Accommodation & Food Services,7,4.142857142857143
"The Pines Lodge, A RockResort",Avon,CO,39.60615,-106.52093,"Hotels,Resorts,Ski Lodge,Hotel",Accommodation & Food Services,1,5.0
Crossland Economy Studios Denver - Thornton,Denver,CO,39.85532,-104.9833,"Hotels,Corporate Lodging,Hotels-Apartment,Lodging,Motels,Hotel",Accommodation & Food Services,1,1.0
Baker's Sunset Bay Resort,Wisconsin Dells,WI,43.59596,-89.77623,"Resorts,Lodging,Hotels,Hotel,Hotels Motels",Accommodation & Food Services,15,4.466666666666667
Hampton Inn Tomah,Tomah,WI,44.01601,-90.50534,"Hotels,Lodging,Corporate Lodging,Hotel,Hotels & Motels",Accommodation & Food Services,2,4.5
Algoma Beach Motel,Algoma,WI,44.59898,-87.44031,"Hotels,Lodging,Motels,Corporate Lodging,Resorts,Hotel,Family-friendly Hotels,Business Hotels,Hotels Motels,Boutique Hotels",Accommodation & Food Services,1,4.0
Heritage Court Motel,Thorp,WI,44.95912,-90.80042,"Hotels,Lodging,Motels,Hotels and motels,Hotel",Accommodation & Food Services,1,1.0
Kozy Rest Motel,Montello,WI,43.79297,-89.33126,"Motels,Hotels,Lodging,Hotels and motels,Hotel,B&bs / Inns",Accommodation & Food Services,2,4.0
Wingate by Wyndham - Joliet,Joliet,IL,41.519547,-88.185165,"Hotels,Corporate Lodging,Lodging,Hotels and motels,Hotel and motel reservations,Travel & Transport,Hotels & Motels,Hotels Motels,Business Hotels,Family-friendly Hotels,Weekend Getaway Hotels,Hotel",Accommodation & Food Services,1,5.0
Hampton Inn Suites Minooka,Minooka,IL,41.45697,-88.27347,"Hotels,Lodging,Corporate Lodging,Hotel",Accommodation & Food Services,1,5.0
Tourest Motel,Peru,IL,41.32815,-89.15072,"Motels,Lodging,Hotels,Resorts,Travel & Transport,Hotels & Motels,Hotel",Accommodation & Food Services,1,2.0
Town House Motel,Freeport,IL,42.30231,-89.6414,"Hotels,Lodging,Real Estate,Property Management,Hotels and motels,Motels,Hotel,Hotels Motels,Budget Hotels",Accommodation & Food Services,1,1.0
Super 8 Freeport,Freeport,IL,42.2824,-89.60862,"Lodging,Motels,Hotels and motels,Service stations,Hotels Motels,Hotel",Accommodation & Food Services,1,4.0
Quality Inn Suites at Dollywood Lane,Pigeon Forge,TN,35.78032,-83.55017,"Hotels,Corporate Lodging,Motels,Hotel,Hotels Motels,Hotel & Motel Reservations,Accommodations & Lodging",Accommodation & Food Services,2,4.5
Hampton Inn Suites Pigeon Forge On The Parkway,Pigeon Forge,TN,35.82328,-83.57533,"Hotels,Lodging,Corporate Lodging,Hotels and motels,Hotel",Accommodation & Food Services,5,4.2
Best Western University Inn,Murray,KY,36.63396,-88.31188,"Hotels,Lodging,Hotels Motels,Hotel",Accommodation & Food Services,4,4.5
Econo Lodge Inn and Suites,Dickson,TN,36.0227,-87.33635,"Hotels,Lodging,Motels,Corporate Lodging,Hotel",Accommodation & Food Services,1,3.0
Fairwinds Inn,Goodlettsville,TN,36.32513,-86.70006,"Hotels,Lodging,Hotels Motels,Family-Friendly Hotels,Tourist Hotels,Budget Hotels,Business Hotels,Hotel",Accommodation & Food Services,3,4.333333333333333
Magnuson Hotel Nashville North,Goodlettsville,TN,36.303,-86.70358,"Hotels,Lodging,Motels,Hotel",Accommodation & Food Services,1,1.0
Travelodge Knoxville West,Knoxville,TN,35.93812,-84.0065,"Lodging,Hotels,Motels,Hotel",Accommodation & Food Services,7,2.7142857142857144
Super 8 Columbia,Columbia,TN,35.64237,-86.89784,"Lodging,Motels,Hotels Motels,Hotel",Accommodation & Food Services,1,3.0
Hampton Inn Suites Knoxville Papermill Drive,Knoxville,TN,35.9364,-84.00818,"Hotels,Lodging,Corporate Lodging,Hotels and motels,Hotel",Accommodation & Food Services,2,5.0
Econo Lodge Inn Suites,Johnson City,TN,36.34292,-82.37072,"Hotels,Lodging,Motels,Corporate Lodging,Hotel",Accommodation & Food Services,5,2.6
Hampton Inn Suites Richmond,Richmond,IN,39.83521,-84.82416,"Hotels,Lodging,Corporate Lodging,Hotel",Accommodation & Food Services,1,5.0
Days Inn & Suites Madison,Madison,WI,43.047993,-89.305,"Hotel,Hotels Motels,Conventions,Family-friendly Hotels,Tourist Hotels,Business Hotels,Budget Hotels,Corporate Lodging,Hotels,Lodging,Motels",Accommodation & Food Services,1,4.0
Residence Inn Lexington North,Lexington,KY,38.077183,-84.492905,"Hotel,Hotels Motels,Hotels & Motels",Accommodation & Food Services,3,2.6666666666666665
Holiday Inn Ames Conference Center At Isu,Ames,IA,41.998775,-93.64128,"Hotel,Conference Room,Meeting Room,Hotels Motels,Family-friendly Hotels,Tourist Hotels,Weekend Getaway Hotels,Luxury Hotels,Resorts,Beach Hotels,Budget Hotels,Lodging,Business Hotels",Accommodation & Food Services,2,4.0
Governor's Inn,Tallahassee,FL,30.4402,-84.2818,"Hotel,Hotels Motels",Accommodation & Food Services,5,3.8
Ambassador Hotel,Milwaukee,WI,43.039294,-87.942241,"Hotel,Banquet facilities,Hotels and motels,Hotels Motels,Family-friendly Hotels,Tourist Hotels,Travel,Business Hotels,Budget Hotels,Hotels & Motels",Accommodation & Food Services,5,2.8
Magnuson Grand Hotel,Madison,WI,43.04449,-89.27404,"Hotel,Corporate Lodging,Hotels,Lodging,Motels,Resorts,Hotels Motels,Family-friendly Hotels,Tourist Hotels,Business Hotels,Budget Hotels",Accommodation & Food Services,4,3.0
Courtyard by Marriott Sioux Falls,Sioux Falls,SD,43.51328,-96.77873,"Hotel,Meeting Room,Hotels Motels,Meeting Facilities",Accommodation & Food Services,1,4.0
Four Points by Sheraton Miami Beach,Miami Beach,FL,25.815437,-80.122596,"Hotel,Hotels,Hotels and motels,Hotels Motels,Family-friendly Hotels,Tourist Hotels,Weekend Getaway Hotels,Luxury Hotels,Resorts,Ski Resorts,Boutique Hotels,Lodging,Business Hotels",Accommodation & Food Services,27,3.5185185185185186
Hyatt Place Dallas/Las Colinas,Irving,TX,32.884045,-96.95534,"Hotel,Hotels and motels,Restaurants,American restaurants,Hotels",Accommodation & Food Services,9,4.444444444444445
Renaissance Tulsa Hotel & Convention Center,Tulsa,OK,36.064537,-95.85831,"Hotel,Hotels Motels",Accommodation & Food Services,1,5.0
Comfort Inn & Suites,Clearwater,FL,27.89295,-82.68678,"Hotel,Hotel Pool,Hotels,Lodging,Corporate Lodging,Motels,Hotels and motels,Hotels Motels,Family-friendly Hotels,Tourist Hotels,Business Hotels,Budget Hotels,Hotel and Hotel Pool,Hotels & Motels",Accommodation & Food Services,9,4.0
Baymont Inn & Suites Tampa near Busch Gardens / USF,Tampa,FL,28.044954,-82.425605,"Hotel,Hotels and motels,Hotel and motel reservations,Hotels",Accommodation & Food Services,14,3.142857142857143
Embassy Suites by Hilton Nashville Airport,Nashville,TN,36.14483,-86.68767,"Hotel,Conference Room,Meeting Room,Hotels,Lodging",Accommodation & Food Services,1,5.0
Residence Inn Annapolis,Annapolis,MD,38.97404,-76.55094,"Hotel,Meeting Room,Hotels Motels,Hotels & Motels",Accommodation & Food Services,4,4.5
Hampton Inn & Suites Denver Tech Center,Denver,CO,39.62643,-104.896,"Hotel,Hotel Bar,Hotels,Lodging,Corporate Lodging,Hotels and motels,Safety consultants",Accommodation & Food Services,13,4.153846153846154
Quality Inn & Suites Airport/Cruise Port South,Hollywood,FL,26.047,-80.15852,"Hotel,Motel,Hotels,Motels,Hotels Motels",Accommodation & Food Services,14,3.0714285714285716
DoubleTree by Hilton Golf Resort San Diego,San Diego,CA,32.978582,-117.091875,"Hotel,Resort,Golf Course,Hotels",Arts Entertainment & Recreation,2,3.0
Holiday Inn Express Charleston Dwtn - Ashley River,Charleston,SC,32.786271,-79.955717,"Hotel,Hotels and motels",Accommodation & Food Services,40,4.125
Hyatt Regency Monterey Hotel and Spa on Del Monte Golf Course,Monterey,CA,36.5928,-121.8742,"Hotel,Spa,Hotels Motels,Family-friendly Hotels,Tourist Hotels,Resorts,Budget Hotels,Lodging,Business Hotels,Motel Hotel Consultants,Motel & Hotel Consultants,Hotels & Motels",Accommodation & Food Services,3,4.0
Holiday Inn Express & Suites Carpinteria,Carpinteria,CA,34.392311,-119.510037,"Hotel,Wedding Receptions & Parties,Convention & Meeting Facilities & Services,Hotels,Family-Friendly Hotels,Budget Hotels,Hotels & Motels,Business Hotels,Beach Hotels,Lodging,Resorts,Weekend Getaway Hotels,Tourist Hotels",Accommodation & Food Services,4,4.0
The Capri Hotel,Ojai,CA,34.4491,-119.2326,"Hotel,Spa,Massage Studio,Hotels,Hotels Motels",Accommodation & Food Services,3,3.3333333333333335
Savanna Inn & Suites,Savanna,IL,42.091,-90.1379,"Travel & Transport,Hotels & Motels,Hotels Motels,Hotel,Hotels,Lodging",Accommodation & Food Services,1,5.0
Braidwood Motel,Braidwood,IL,41.26547,-88.21184,"Travel & Transport,Hotels & Motels,Motels,Hotels,Lodging,Hotel",Accommodation & Food Services,1,5.0
Fairfield Inn Kankakee Bourbonnais,Bourbonnais,IL,41.1718009,-87.84998948,"Travel & Transport,Hotels & Motels,Hotel",Accommodation & Food Services,2,4.5
Courtyard Atlanta Airport South/Sullivan Road,Atlanta,GA,33.624146,-84.45631,"Hotel,Hotels Motels",Accommodation & Food Services,1,4.0
Days Inn College Park Airport Best Road,Atlanta,GA,33.632805,-84.45802,"Hotel,Motel,Hotels,Lodging,Motels",Accommodation & Food Services,1,1.0
Red Roof Inn Lansing East - Michigan State University,Lansing,MI,42.6892,-84.5001,"Motel,Hotel,General Travel,Hotels Motels,Family-friendly Hotels,Business Hotels,Budget Hotels,Hotels",Accommodation & Food Services,3,2.3333333333333335
Comfort Suites At Eglin Air Force Base,Niceville,FL,30.52327,-86.49571,"Hotel,Hotels,Motels,Lodging,Corporate Lodging,Hotels & Motels",Accommodation & Food Services,5,4.8
Four Points by Sheraton Punta Gorda Harborside,Punta Gorda,FL,26.9384,-82.05265,"Hotel,Hotels and motels,Hotels,Lodging,Hotels Motels,services",Accommodation & Food Services,12,4.416666666666667
The London West Hollywood,West Hollywood,CA,34.08979,-118.38539,"Hotels,Boutique Hotels,Hotel",Accommodation & Food Services,29,4.379310344827586
The Westport Inn,Westport,CT,41.138568,-73.308841,"Hotel,Hotels and motels,Restaurants,Hotels",Accommodation & Food Services,2,4.0
Best Western Plus Lake Elsinore Inn & Suites,Lake Elsinore,CA,33.6647,-117.3047,"Hotel,Lodging,Corporate Housing,Hotels Motels,Hotels",Accommodation & Food Services,2,4.5
Guerneville Lodge,Guerneville,CA,38.5025,-122.9954,"Bed Breakfast,Hotels Motels,Hotels and motels,Hotel and motel reservations,Hotel",Accommodation & Food Services,1,4.0
The Carneros Inn,Napa,CA,38.255101,-122.33346,"Hotel,Hotels",Accommodation & Food Services,10,5.0
Super 8 Lavonia,Lavonia,GA,34.4475,-83.1382,"Hotels and motels,Hotel and motel reservations,Hotels Motels,Family-friendly Hotels,Tourist Hotels,Business Hotels,Budget Hotels,Hotels & Motels",Accommodation & Food Services,1,3.0
Jayhawk Motel,Tampa,FL,27.9754,-82.4512,"Hotels and motels,Hotels Motels,Motels,Lodging,Hotels,Hotel",Accommodation & Food Services,2,3.0
Comfort Inn Red Hook,Brooklyn,NY,40.680091,-74.00597,"Holding companies,Hotels and motels,Hotel and motel reservations,Lodges,Hotels,Hotel,Motels",Accommodation & Food Services,1,5.0
Quality Inn Oklahoma City Airport,Oklahoma City,OK,35.40307,-97.59569,"Hotels and motels,Hotels,Motels,Corporate Lodging,Hotels Motels,Hotel",Accommodation & Food Services,2,4.5
Nobu Hotel at Caesars Palace,Las Vegas,NV,36.1165,-115.17433,"Hotels,Hotel",Accommodation & Food Services,2,5.0
Grand Hyatt Kauai Resort & Spa,Koloa,HI,21.876282,-159.44011,"Hotels,Hotel,Hotels Motels,Family-friendly Hotels,Tourist Hotels,Luxury Hotels,Resorts,Beach Hotels,Budget Hotels,Lodging,Business Hotels,Spa Resorts,Restaurant,Ceremony & Reception Venue",Accommodation & Food Services,27,4.481481481481482
The Restoration,Charleston,SC,32.782174,-79.9343429,"Hotels,Hotel",Accommodation & Food Services,13,4.769230769230769
Hyatt Place Chantilly Dulles Airport South,Chantilly,VA,38.870621,-77.446534,"Hotels and motels,Restaurants,American restaurants,Banquet facilities,Hotel,Hotels",Accommodation & Food Services,1,2.0
Ramada Bordentown,Bordentown,NJ,40.12797,-74.705421,"Hotels and motels,Hotel and motel reservations,Hotel,Hotels Motels,Hotels & Motels",Accommodation & Food Services,1,5.0
Hilton Garden Inn Tampa East/brandon,Tampa,FL,27.983254,-82.331002,"Hotels and motels,Budget Hotels,Hotels & Motels,Hotel",Accommodation & Food Services,6,4.166666666666667
Hampton Inn-fairfax City,Fairfax,VA,38.854213,-77.318768,"Hotels and motels,Hotel,Hotels",Accommodation & Food Services,4,4.5
The Inn At Virginia Tech And Skelton Conference Center,Blacksburg,VA,37.22948,-80.42931,"Hotels and motels,Restaurants,American restaurants,Hotel,Hotels Motels,Hotels",Accommodation & Food Services,7,4.142857142857143
Home2 Suites By Hilton Greenville Airport,Greenville,SC,34.85802,-82.27066,"Hotels and motels,Hotels,Lodging,Hotel",Accommodation & Food Services,6,5.0
Ludlow Village Inn & Suites,Ludlow,VT,43.39657,-72.69589,"Hotels and motels,Hotel",Accommodation & Food Services,2,3.5
Inn Of Knoxville,Knoxville,TN,35.99348,-83.90066,"Hotels and motels,Motels,Hotel",Accommodation & Food Services,2,1.0
"Country Inn & Suites By Carlson, Bowling Green, KY",Bowling Green,KY,36.942251,-86.418791,"Hotel,Hotels and motels,Hotel and motel reservations,Hotels Motels,Family-friendly Hotels,Budget Hotels,Travel and Tourism,Hotels & Motels",Accommodation & Food Services,5,4.6
Drury Inn Bowling Green,Bowling Green,KY,36.93869,-86.41938,"Hotel,Hotels and motels,Hotel and motel reservations,Hotels Motels,Budget Hotels,Business Hotels,Family-friendly Hotels,Tourist Hotels,Hotels,Hotels & Motels",Accommodation & Food Services,8,4.375
Clarion Hotel Anaheim Resort,Anaheim,CA,33.7990972,-117.916176,"Hotels & Motels,Meeting Facilities,Hotel",Accommodation & Food Services,9,2.2222222222222223
Best Western Premier Energy Corridor,Katy,TX,29.787806,-95.731575,"Hotel,Hotels and motels,Lodging,Hotels",Accommodation & Food Services,4,5.0
Best Western Executive Inn Suites,Grand Rapids,MI,42.91426,-85.67147,"Hotels,Lodging,Hotels Motels,Hotel",Accommodation & Food Services,1,4.0
Hampton Inn Suites Camp Springs/Andrews AFB,Suitland,MD,38.82116,-76.91518,"Hotels & Motels,Hotel,Hotels,Lodging,Corporate Lodging",Accommodation & Food Services,1,4.0
Home2 Suites by Hilton St. Louis/ Forest Park,Saint Louis,MO,38.63079,-90.25974,"Hotels,Lodging,Hotels and motels,Hotel",Accommodation & Food Services,2,5.0
Comfort Suites Historic District,Savannah,GA,32.08415,-81.1004,"Hotels,Lodging,Corporate Lodging,Motels,Hotel",Accommodation & Food Services,1,5.0
Hampton Inn Augusta/Gordon Highway,Augusta,GA,33.44945,-82.08264,"Hotels,Lodging,Corporate Lodging,Hotel",Accommodation & Food Services,2,5.0
Kalispell Grand Hotel,Kalispell,MT,48.1974,-114.3135,"Hotel,Hotels Motels,Hotels,Lodging,Motels",Accommodation & Food Services,1,4.0
Holiday Inn Express & Suites Helena,Helena,MT,46.603181,-112.01509,"Hotel,Family-Friendly Hotels,Hotels & Motels,Lodging,Tourist Hotels",Accommodation & Food Services,1,5.0
San Ramon Marriott,San Ramon,CA,37.764274,-121.965322,"Hotel,Gym,Event Space,Banquet facilities,Hotels and motels,Hotel and motel reservations,Hotels Motels",Accommodation & Food Services,5,4.0
Extended Stay America Atlanta - Duluth,Duluth,GA,33.95505,-84.12618,"Hotels,Lodging,Corporate Lodging,Hotels-Apartment,Motels,Hotel,Hotels Motels,Hotels & Motels",Accommodation & Food Services,4,2.75
Hampton Inn Suites Minneapolis/Downtown,Minneapolis,MN,44.9773,-93.27617,"Hotels,Lodging,Corporate Lodging,Hotels and motels,Hotel",Accommodation & Food Services,6,4.666666666666667
Best Western Greentree Inn & Suites,Oklahoma City,OK,35.35385,-97.49592,"Hotel,Hotels,Lodging,Hotel and motel mgmt.,Hotels and motels,Corporate Housing,Hotels Motels,Budget Hotels",Accommodation & Food Services,1,5.0
Galt House Hotel,Louisville,KY,38.258022,-85.75639,"Hotel,Bar,Pool,Restaurant,Hotels & Motels,Hotels And Motels,Hotel, Bar, and Pool Central Business District",Accommodation & Food Services,22,3.9545454545454546
Millennium Hotel Durham,Durham,NC,36.011143,-78.953046,"Hotel,Hotels & Motels,Budget Hotels,Business Hotels,Family-Friendly Hotels,Tourist Hotels,Attractions",Accommodation & Food Services,5,2.0
Diamond Inn,Inglewood,CA,33.931244,-118.33846,"Hotels and motels,Hotels & Motels,Hotel",Accommodation & Food Services,1,5.0
Courtyard Oklahoma City Northwest,Oklahoma City,OK,35.52278,-97.53732,"Hotel,Hotels Motels",Accommodation & Food Services,1,4.0
Holiday Inn Express Tulsa-Woodland Hills,Tulsa,OK,36.061,-95.8739,"Hotel,Hotels Motels,Family-Friendly Hotels,Tourist Hotels,Weekend Getaway Hotels,Resorts,Beach Hotels,Budget Hotels,Lodging,Business Hotels",Accommodation & Food Services,1,5.0
Days Inn Elk Grove Village/chicago/ohare Airport West,Elk Grove Village,IL,42.02116,-87.9561,"Hotels and motels,Hotel and motel reservations,Hotels,Lodging,Motels",Accommodation & Food Services,3,1.0
Carlyle Motel,Oklahoma City,OK,35.51068,-97.5816,"Hotels and motels,Motels,Lodging,Hotel,Hotels",Accommodation & Food Services,1,3.0
Modern Hotel & Bar,Boise,ID,43.61817,-116.210706,"Hotel Bar,Bar,Hotel,Hotels Motels,Bars Clubs,Restaurants,Hotels",Accommodation & Food Services,7,4.857142857142857
Hilton Cleveland Downtown,Cleveland,OH,41.50283,-81.69596,"Hotel,Hotels,Lodging,Hotel Downtown Cleveland",Accommodation & Food Services,1,5.0
King George Hotel,San Francisco,CA,37.786762,-122.40943,"Hotels and motels,Hotel,Hotels,Hotels Motels,Family-friendly Hotels,Tourist Hotels,Lodging,Business Hotels,Budget Hotels",Accommodation & Food Services,1,3.0
Residence Inn Allentown Bethlehem/Lehigh Valley Airport,Bethlehem,PA,40.64507,-75.42443,"Hotel,Corporate Lodging,Hotels,Lodging",Accommodation & Food Services,3,5.0
Lobby Bar,Houston,TX,29.751837,-95.360236,"Hotel Bar,Lounge,Bar,Hotels,Hotel,Mexican Restaurant",Accommodation & Food Services,4,4.75
Residence Inn Sacramento Airport Natomas,Sacramento,CA,38.613735,-121.51404,"Hotel,Extended Stay,Hotels & Motels,Hotels Motels",Accommodation & Food Services,3,4.0
Comfort Suites Columbia Gateway,Elkridge,MD,39.17432,-76.78594,"Hotel,Hotel and motel consultants,Hotels and motels,Hotel and motel reservations,Hotels,Lodging,Corporate Lodging,Motels,Hotels Motels",Accommodation & Food Services,5,4.4
Residence Inn Baltimore BWI Airport,Linthicum Heights,MD,39.20371,-76.67843,"Hotel,Lodging,Hotels",Accommodation & Food Services,1,5.0
Hyatt Place West Palm Beach/Downtown,West Palm Beach,FL,26.706429,-80.05144,"Hotel,Hotels and motels,Restaurants",Accommodation & Food Services,10,4.8
Holiday Inn Express & Suites Greenville,Greenville,TX,33.093756,-96.111609,"Hotel,Hotels Motels,Family-friendly Hotels,Tourist Hotels,Weekend Getaway Hotels,Resorts,Beach Hotels,Budget Hotels,Lodging,Business Hotels,Wedding Receptions & Parties,Convention & Meeting Facilities & Services,Hotels",Accommodation & Food Services,1,4.0
Extended Stay America - Detroit/Ann Arbor - University South,Ann Arbor,MI,42.23898,-83.73515,"Hotel,Hotels,Lodging,Corporate Lodging,Hotels-Apartment,Motels,Hotels Motels",Accommodation & Food Services,2,3.0
Best Western Plus Mid Nebraska Inn & Suites,Kearney,NE,40.667,-99.0869,"Hotel,Hotels Motels,Lodging,Motels",Accommodation & Food Services,3,5.0
Dunes Village Resort,Myrtle Beach,SC,33.724443,-78.841714,"Resort,Hotel,Home (private),Hotels Motels,Condominium Operators,Resorts,Hotels",Accommodation & Food Services,6,4.5
Wilderness On The Lake,Wisconsin Dells,WI,43.59791,-89.78646,"Resort,Hotels,Lodging,Motels,Resorts,Hotel,Hotels Motels",Accommodation & Food Services,2,3.5
Aloft Houston by the Galleria,Houston,TX,29.7389,-95.4714,"Hotel,Hotels and motels,Hotel and motel reservations,Hotels,Hotels Motels,Family-friendly Hotels,Tourist Hotels,Weekend Getaway Hotels,Luxury Hotels,Resorts,Ski Resorts,Boutique Hotels,Lodging,Business Hotels,Hotels & Motels,Hotel Uptown-Galleria",Accommodation & Food Services,1,4.0
Club Quarters Hotel in Houston,Houston,TX,29.758183,-95.362677,"Hotel,Hotels",Accommodation & Food Services,18,4.111111111111111
Fairfield Inn Helena,Helena,MT,46.590237,-112.00198,"Hotel,Hotels Motels",Accommodation & Food Services,1,5.0
Hyatt House Pleasanton,Pleasanton,CA,37.68912,-121.90091,"Hotel,Hotels and motels,Hotel and motel reservations,Restaurants,American restaurants,Hotels Motels,Lodging,Hotels",Accommodation & Food Services,3,4.666666666666667
Best Western Plus Ruidoso Inn,Ruidoso,NM,33.316948,-105.63385,"Hotels,Lodging,Hotel,Hotels Motels",Accommodation & Food Services,2,4.5
Admiral's Ocean Inn,Belfast,ME,44.4307,-68.96626,"Hotels,Lodging,Hotels and motels,Hotel and motel reservations,Hotels Motels,Hotels & Motels",Accommodation & Food Services,2,1.0
Quality Inn Bedford,Bedford,PA,40.05457,-78.51102,"Hotels,Motels,Corporate Lodging,Hotel",Accommodation & Food Services,1,4.0
Best Western Plus Easton Inn Suites,Easton,MD,38.7896,-76.05809,"Lodging,Hotels,Hotel and motel mgmt.,Hotels and motels,Corporate Housing,Hotels Motels,Hotel,Travel and Tourism",Accommodation & Food Services,1,5.0
Sleep Inn Suites Harbour Pointe,Midlothian,VA,37.41103,-77.65369,"Hotels,Lodging,Motels,Corporate Lodging,Hotel,Hotels Motels,Family-friendly Hotels,Tourist Hotels,Budget Hotels,Business Hotels",Accommodation & Food Services,2,4.5
Luray Caverns Motel East,Luray,VA,38.6617,-78.4757,"Motels,Lodging,Hotels,Hotels and motels,Hotels Motels,Hotel",Accommodation & Food Services,1,3.0
Grey Gables Mansion,Richford,VT,44.99834,-72.67514,"Bed and Breakfast and Inns,Hotel,Hotels",Accommodation & Food Services,1,5.0
Robert Frost Mountain Cabins,Ripton,VT,44.007782,-73.03459,"Resorts,Hotel,Resorts & Hotels",Accommodation & Food Services,1,5.0
Hampton Inn Texarkana Arkansas,Texarkana,AR,33.47317,-94.03375,"Hotels,Lodging,Corporate Lodging,Hotel",Accommodation & Food Services,1,5.0
Sleep Inn Suites,Dublin,VA,37.0835,-80.64855,"Hotels,Lodging,Motels,Corporate Lodging,Hotels Motels,Hotel",Accommodation & Food Services,4,4.75
Quality Inn Suites Canton,Canton,TX,32.58071,-95.85449,"Hotels,Motels,Corporate Lodging,Hotels and motels,Hotel and motel reservations,Hotels Motels,Hotel,Family-friendly Hotels,Budget Hotels,Lodging,Business Hotels",Accommodation & Food Services,1,5.0
Pear Tree Inn St. Louis Near Union Station,Saint Louis,MO,38.63126,-90.21241,"Hotels and motels,Hotel and motel reservations,Lodging,Motels,Hotels Motels,Budget Hotels,Business Hotels,Family-friendly Hotels,Tourist Hotels,Hotel,Motel,Bed & Breakfast & Inns,guest accommodations,Hotels",Accommodation & Food Services,4,3.75
Hilton Garden Inn Anaheim-Garden Grove,Garden Grove,CA,33.791307,-117.915652,"Hotels and motels,Hotel,Hotels Motels,Hotels",Accommodation & Food Services,14,3.7857142857142856
Sonesta Es Suites Charlotte,Charlotte,NC,35.135887,-80.9051,"Hotels and motels,Hotels,Lodging,Motels,Hotel",Accommodation & Food Services,1,5.0
Hyatt Place Charlotte Airport/lake Pointe,Charlotte,NC,35.182507,-80.91908,"Hotels and motels,Hotel",Accommodation & Food Services,2,5.0
St George Motor Inn,Tarzana,CA,34.172752,-118.55712,"Hotels and motels,Hotel and motel reservations,Hotel,Motels,Hotels,Lodging,Banquet Halls & Reception Facilities",Accommodation & Food Services,2,2.5
250 Main Hotel,Rockland,ME,44.10101,-69.1094,"Hotels and motels,Hotel and motel reservations,Hotels,Motels,Lodging,Hotel",Accommodation & Food Services,2,5.0
Lydia Johnson Inn,Hermann,MO,38.7061,-91.4379,"Hotels and motels,Motels,Lodging,Hotels Motels,Hotel",Accommodation & Food Services,1,4.0
Wyndham Garden Lafayette,Lafayette,LA,30.19294,-92.0145,"Hotels and motels,Lodging,Hotels,Hotels Motels,Travel,Hotel",Accommodation & Food Services,6,3.6666666666666665
Olivia's Bridge Street Inn,New Hope,PA,40.364353,-74.952515,"Hotels and motels,Hotel",Accommodation & Food Services,2,4.5
The Oaks Hotel,Paso Robles,CA,35.644875,-120.68842,"Hotel,Hotels & Motels,Hotels and motels,Hotel and motel reservations,Hotels Motels,Alternative Fuels",Accommodation & Food Services,3,4.666666666666667
Hampton Inn Brentwood,Brentwood,CA,37.94569226,-121.6967076,"Corporate housing,Hotels and motels,Hotel",Accommodation & Food Services,4,4.25
Norwalk Inn & Conference Center,Norwalk,CT,41.1166,-73.4067,"Hotels and motels,Hotels Motels,Family-friendly Hotels,Tourist Hotels,Business Hotels,Budget Hotels,Hotel,Bed Breakfast,Hotels",Accommodation & Food Services,10,4.3
King Charles Inn,Charleston,SC,32.78257,-79.93176,"Hotels and motels,Hotel and motel reservations,Restaurants,Hotel,Hotels",Accommodation & Food Services,25,4.6
Walkabout Beach Resort,Hollywood,FL,26.02755,-80.11507,"Hotels and motels,Resorts,Hotels,Lodging,Hotel",Accommodation & Food Services,2,4.5
Maxwell Hotel,Seattle,WA,47.6256,-122.351,"Hotel and motel mgmt.,Hotels and motels,Hotel,Hotels,Luxury Hotels,Family-friendly Hotels,Tourist Hotels,Business Hotels,Hotels Motels",Accommodation & Food Services,21,4.476190476190476
Cave Mountain Motel,Windham,NY,42.30376,-74.28881,"Hotels and motels,Hotel",Accommodation & Food Services,1,4.0
Holiday Inn Savannah Historic District,Savannah,GA,32.081772,-81.097232,"Hotels and motels,Hotel and motel reservations,Hotels Motels,Family-friendly Hotels,Tourist Hotels,Weekend Getaway Hotels,Luxury Hotels,Resorts,Beach Hotels,Lodging,Business Hotels,Hotels,Hotels & Motels",Accommodation & Food Services,3,3.3333333333333335
Sea Captain Resort On The Bay,Clearwater Beach,FL,27.975328,-82.82759,"Hotels and motels,Resorts,Hotel",Accommodation & Food Services,4,4.25
Urbana Inn & Suites,Urbana,IA,42.243202,-91.88433,"Hotels and motels,Wedding supplies, services, chapels, facilities, etc.,Hotels Motels,Budget Hotels,Hotels,Hotel",Accommodation & Food Services,1,4.0
Quality Inn & Suites Jefferson City,Jefferson City,MO,38.55648,-92.19542,"Hotel,Hotels and motels,Hotels,Corporate Lodging,Motels",Accommodation & Food Services,1,1.0
Sunbeam Motel,San Luis Obispo,CA,35.287823,-120.65297,"Hotels and motels,Hotel and motel reservations,Hotels,Hotel,Lodging,Motels",Accommodation & Food Services,1,3.0
Kings Hotel,Brooklyn,NY,40.64702,-73.996826,"Hotels and motels,Music arrangers and composers,Hotel,Hotels,Motels",Accommodation & Food Services,2,3.5
Brown Hotel,Indiana,PA,40.6243,-79.1508,"Hotels and motels,Restaurants,Bar,Hotels Motels,Restaurant,Hotel",Accommodation & Food Services,2,4.0
Hawthorn Suites By Wyndham Dayton North,Dayton,OH,39.85,-84.1883,"Hotels and motels,Hotel and motel reservations,Hotels Motels,Family-friendly Hotels,Extended Stay,Tourist Hotels,Weekend Getaway Hotels,Apartment Hotels,Budget Hotels,Business Hotels,Hotels,Hotels & Motels",Accommodation & Food Services,7,2.857142857142857
Hampton Inn Greenville/simpsonville,Simpsonville,SC,34.71454,-82.25216,"Hotels and motels,Hotels,Lodging,Corporate Lodging,Hotel",Accommodation & Food Services,3,4.333333333333333
Red Roof Inn Allentown Airport,Allentown,PA,40.63933,-75.43184,"Hotels and motels,Hotel,Hotels",Accommodation & Food Services,12,3.1666666666666665
Hampton Inn & Suites Little Rock-downtown,Little Rock,AR,34.74483,-92.26631,"Hotels and motels,Corporate Lodging,Hotels,Lodging,Hotel",Accommodation & Food Services,5,4.4
The Inn At Crested Butte,Crested Butte,CO,38.86794,-106.98239,"Hotels and motels,Hotel and motel reservations,Hotels,Hotels & Motels,Hotel,Lodging,Bed & Breakfast & Inns",Accommodation & Food Services,3,3.6666666666666665
Hangar Hotel,Fredericksburg,TX,30.24494,-98.90791,"Hotels and motels,Hotels,Lodging,Motels,Hotels Motels,Hotel",Accommodation & Food Services,1,5.0
Austria Haus Hotel,Vail,CO,39.641678,-106.37419,"Hotels,Hotels and motels,Hotel",Accommodation & Food Services,9,4.888888888888889
Hampton Inn & Suites New Albany Columbus,New Albany,OH,40.08908,-82.79144,"Hotels and motels,Hotels,Lodging,Corporate Lodging,Hotel",Accommodation & Food Services,1,5.0
Comfort Suites East Broad At 270,Columbus,OH,39.98266,-82.82878,"Hotels and motels,Hotels,Lodging,Corporate Lodging,Motels,Hotel",Accommodation & Food Services,8,4.75
Hotel Luxe,Brooklyn,NY,40.67812,-73.94503,"Hotels and motels,Hotel",Accommodation & Food Services,1,2.0
Caribbean Resort By The Ocean,Hollywood,FL,26.02176,-80.11556,"Hotels and motels,Resorts,Hotels-Apartment,Hotels,Hotel,Lodging",Accommodation & Food Services,5,3.8
Radisson Hotel-Portland Airport,Portland,OR,45.56888,-122.582565,"Banquet facilities,Hotels and motels,Hotel and motel reservations,Hotels,Hotel",Accommodation & Food Services,6,4.5
Grand Prix Motel,Daytona Beach,FL,29.20214,-80.99545,"Hotels and motels,Motels,Hotels,Lodging,Hotel",Accommodation & Food Services,3,4.666666666666667
Wingate By Wyndham Oklahoma City Airport,Oklahoma City,OK,35.44553,-97.602,"Hotels and motels,Hotel,Motel,Trade School,Hotels,Lodging",Accommodation & Food Services,8,3.25
Viking Motel,Portland,OR,45.571377,-122.6825,"Hotels and motels,Hotel,Motel Arbor Lodge",Accommodation & Food Services,4,3.75
Crowne Plaza Hotel Nashua,Nashua,NH,42.786207,-71.509771,"Banquet facilities,Hotels and motels,Hotel and motel reservations,Karaoke,Restaurants,American restaurants,Accommodation Reservations,Hotel & Motel Reservations,Accommodations & Lodging,Business Hotels,Lodging,Luxury Hotels,Hotels,Family-Friendly Hotels,Hotels & Motels,Beach Hotels,Resorts,Weekend Getaway Hotels,Tourist Hotels,Motels",Accommodation & Food Services,9,3.5555555555555554
The Maritime Hotel,New York,NY,40.74191,-74.00345,"Hotels and motels,Hotels,Hotel",Accommodation & Food Services,9,4.111111111111111
Hilton Garden Inn Oklahoma City-Bricktown,Oklahoma City,OK,35.46609,-97.5063,"Hotel,Hotels,Lodging",Accommodation & Food Services,9,4.777777777777778
Waterfront Place Hotel,Morgantown,WV,39.62408,-79.96307,"Hotel,Hotels",Accommodation & Food Services,8,4.0
Element Denver Park Meadows,Lone Tree,CO,39.5546,-104.8763,"Hotel,Hotels and motels,Hotel and motel reservations,Hotels Motels,Family-friendly Hotels,Tourist Hotels,Weekend Getaway Hotels,Luxury Hotels,Resorts,Ski Resorts,Boutique Hotels,Lodging,Business Hotels",Accommodation & Food Services,5,4.0
Warwick Seattle Hotel,Seattle,WA,47.613903,-122.340904,"Hotel,Resort,Hotels Motels,Business Hotels",Accommodation & Food Services,8,3.5
"The Westin Poinsett, Greenville",Greenville,SC,34.848926,-82.399829,"Hotel,Hotels",Accommodation & Food Services,28,4.392857142857143
Best Western Orchard Inn,Ukiah,CA,39.14692,-123.19738,"Hotel,Hotels,Lodging",Accommodation & Food Services,5,4.8
Best Western Adirondack Inn,Lake Placid,NY,44.28407,-73.98353,"Hotel,Hotels,Lodging,Event Planning,Corporate Housing,Hotels Motels",Accommodation & Food Services,3,3.6666666666666665
Oxford Suites Redding,Redding,CA,40.579353,-122.35721,"Hotel,Gym / Fitness Center,Hotels,Hotel and Gym / Fitness Center,Family-Friendly Hotels,Budget Hotels,Hotels & Motels,Business Hotels,Tourist Hotels",Arts Entertainment & Recreation,13,4.538461538461538
Fairfield Inn Suites Austin-University Area,Austin,TX,30.31902,-97.70853,"Hotels,Lodging,Motels,Hotel",Accommodation & Food Services,1,4.0
Drury Inn Suites Austin North,Austin,TX,30.32846,-97.70471,"Hotels,Lodging,Motels,Hotels and motels,Hotel and motel reservations,Hotels Motels,Family-friendly Hotels,Tourist Hotels,Business Hotels,Budget Hotels,Hotel",Accommodation & Food Services,1,5.0
Best Western Desert Inn,Safford,AZ,32.83477,-109.72461,"Hotels,Lodging,Hotels Motels,Motels,Hotel",Accommodation & Food Services,2,3.5
Hilton Garden Inn Yuma Pivot Point,Yuma,AZ,32.7272,-114.62045,"Hotels,Lodging,Hotels and motels,Hotel and motel reservations,Hotels Motels,Hotel",Accommodation & Food Services,4,4.0
Arizona Inn Suites,Yuma,AZ,32.67914,-114.62381,"Lodging,Motels,Hotels,Hotels and motels,Hotel,Hotels Motels",Accommodation & Food Services,1,5.0
Western Hills Motel,Flagstaff,AZ,35.19506,-111.62928,"Motels,Lodging,Hotels,Hotels and motels,Hotel and motel reservations,Hotel,Food & Dining",Accommodation & Food Services,1,2.0
Rodeway Inn Suites,Flagstaff,AZ,35.19201,-111.62457,"Hotels,Lodging,Motels,Hotels Motels,Hotel,Hotels & Motels",Accommodation & Food Services,10,2.2
The Grand Highland Hotel,Prescott,AZ,34.54057,-112.47056,"Hotels,Hotel",Accommodation & Food Services,9,4.777777777777778
Home2 Suites by Hilton Lexington University / Medical Center,Lexington,KY,38.00522,-84.51698,"Hotels,Lodging,Hotel",Accommodation & Food Services,6,4.833333333333333
Wingate by Wyndham LaGrange-Callaway,LaGrange,GA,33.04225,-84.9643,"Corporate Lodging,Hotels,Lodging,Hotel",Accommodation & Food Services,2,3.0
Hampton Inn Elkins,Elkins,WV,38.89436,-79.84026,"Hotels,Lodging,Corporate Lodging,Hotels & Motels,Hotel",Accommodation & Food Services,4,4.5
Quality Inn Colchester - Burlington,Colchester,VT,44.50365,-73.17785,"Hotels,Motels,Corporate Lodging,Hotel",Accommodation & Food Services,1,3.0
Baymont Inn Suites - Tullahoma,Tullahoma,TN,35.391792,-86.23972,"Hotel,Hotels",Accommodation & Food Services,1,5.0
The Stardust Motel,Wallace,ID,47.47299,-115.9263,"Motels,Hotels,Lodging,Hotel",Accommodation & Food Services,2,4.0
Git's Big Sky Motel,Columbus,MT,45.63642,-109.24998,"Motels,Lodging,Hotels,Hotel",Accommodation & Food Services,1,3.0
Home2 Suites by Hilton Florence Cincinnati Airport South,Florence,KY,39.00374,-84.64946,"Hotels,Lodging,Hotel",Accommodation & Food Services,1,5.0
Comfort Inn Suites Airport and Expo,Louisville,KY,38.19179,-85.74516,"Hotels,Lodging,Motels,Corporate Lodging,Hotel",Accommodation & Food Services,6,3.8333333333333335
Mills Park Hotel,Yellow Springs,OH,39.80384,-83.89002,"Hotels,Lodging,Motels,Hotels and motels,Hotel and motel reservations,Hotel",Accommodation & Food Services,2,5.0
Hampton Inn Suites Cincinnati/Uptown-University Area,Cincinnati,OH,39.13464,-84.50875,"Hotels,Lodging,Corporate Lodging,Hotels and motels,Hotel",Accommodation & Food Services,1,4.0
The Captain's Manor Inn,Falmouth,MA,41.55363,-70.62125,"Hotels,Motels,Hotels Motels,Hotels & Motels,Hotel",Accommodation & Food Services,5,5.0
Hampton Inn Suites West Des Moines/SW Mall Area,West Des Moines,IA,41.55856,-93.79359,"Hotels,Lodging,Corporate Lodging,Hotel",Accommodation & Food Services,1,5.0
"Super 8 Fairview Heights, St. Louis",Fairview Heights,IL,38.600826,-89.988815,"Motels,Lodging,Hotels and motels,Travel & Transport,Hotels & Motels,Hotel",Accommodation & Food Services,1,3.0
Hampton Inn & Suites Dupont,DuPont,WA,47.09434,-122.62267,"Hotel,Hotels,Lodging,Corporate Lodging",Accommodation & Food Services,8,4.75
Empress Hotel,New Orleans,LA,29.96556,-90.06751,"Hotels,Corporate Lodging,Lodging,Hotels and motels,Hotel",Accommodation & Food Services,6,1.6666666666666667
Hilton Garden Inn Shreveport Bossier City,Bossier City,LA,32.51738,-93.71154,"Hotels,Lodging,Hotel",Accommodation & Food Services,4,5.0
Litson Villas,Kittery,ME,43.09556,-70.74672,"Hotels and motels,Hotel and motel reservations,Resorts,Hotels,Lodging,Vacation Homes Rentals and Sales,Hotel",Accommodation & Food Services,2,4.0
Hampton Inn & Suites Springfield/Downtown,Springfield,MA,42.09365,-72.58233,"Hotel,Hotels and motels,Hotel and motel reservations,Travel agencies and bureaus,Hotels,Lodging,Corporate Lodging",Accommodation & Food Services,4,4.75
Best Western Hilliard Inn Suites,Hilliard,OH,40.03189,-83.11967,"Hotels,Lodging,Hotel",Accommodation & Food Services,2,2.5
Ramada Albuquerque East,Albuquerque,NM,35.0848,-106.52982,"Hotels,Hotels Motels,Hotel",Accommodation & Food Services,5,2.8
Best Western Mesquite Inn,Mesquite,NV,36.81078,-114.06258,"Hotel,Hotels,Lodging,Hotels Motels",Accommodation & Food Services,8,4.5
Colorado Belle Hotel And Casino,Laughlin,NV,35.15905,-114.57174,"Casino,Hotel,Hotels,Casino and Hotel",Accommodation & Food Services,17,3.764705882352941
Hilton Garden Inn Kankakee,Kankakee,IL,41.07975,-87.86492,"Hotel,Hotel Pool,Gym,Hotels,Lodging,Banquet Halls and Reception Facilities,Hotels & Motels,Budget Hotels",Accommodation & Food Services,7,4.428571428571429
Cameo Bar at Viceroy Santa Monica,Santa Monica,CA,34.008113,-118.490961,"Lounge,Hotel,Cocktail Bar,Restaurant,Hotels,Hotel Bar,Other Nightlife",Accommodation & Food Services,12,4.25
Holiday Inn Express & Suites Tupelo,Tupelo,MS,34.2793,-88.7154,"Hotel,Hotels Motels,Family-friendly Hotels,Tourist Hotels,Weekend Getaway Hotels,Resorts,Beach Hotels,Budget Hotels,Lodging,Business Hotels,Hotels & Motels",Accommodation & Food Services,1,3.0
Sleep Inn & Suites Van Buren,Van Buren,AR,35.46072,-94.34663,"Hotel,Hotels",Accommodation & Food Services,1,4.0
Fiesta Henderson Hotel & Casino,Henderson,NV,36.033985,-115.009712,"Casino,Hotel,Resort,Casino and Hotel,Hotels",Accommodation & Food Services,3,3.0
Drury Inn Suites San Antonio Riverwalk,San Antonio,TX,29.42502,-98.49142,"Lodging,Motels,Hotels,Hotel",Accommodation & Food Services,5,4.0
Red Parrot Cafe @ Breakers Resort,Myrtle Beach,SC,33.700295,-78.870903,"Caf,Hotel Bar,Hotels,Hotel,Resort",Accommodation & Food Services,2,4.5
Drury Inn Suites San Antonio North Stone Oak,San Antonio,TX,29.61112,-98.48205,"Hotels,Lodging,Motels,Hotel",Accommodation & Food Services,1,4.0
Hampton Inn Suites Dallas-Arlington North-Entertainment District,Arlington,TX,32.76293,-97.07276,"Hotels,Lodging,Corporate Lodging,Hotels and motels,Hotel",Accommodation & Food Services,3,4.333333333333333
Days Inn Portage,Portage,WI,43.48439,-89.49887,"Hotels and motels,Hotels,Lodging,Corporate Lodging,Motels,Hotel",Accommodation & Food Services,3,2.6666666666666665
The Niantic Inn,Niantic,CT,41.3232,-72.197,"Hotels and motels,Hotel and motel reservations,Hotels Motels,Hotel,Hotels,Lodging,Bed & Breakfast & Inns,Motels,B&bs / Inns",Accommodation & Food Services,1,3.0
Americas Best Value Inn-weatherford,Weatherford,OK,35.535046,-98.6996,"Hotels and motels,Hotel and motel reservations,Hotels,Lodging,Motels,Hotel",Accommodation & Food Services,1,1.0
Village Inn & Suites,Marysville,WA,48.050396,-122.18249,"Hotels and motels,Hotel",Accommodation & Food Services,3,2.0
Hyatt Place Dallas Plano,Plano,TX,33.04191,-96.8286,"Hotels and motels,Restaurants,American restaurants,Hotel,Gym,Hotels",Accommodation & Food Services,6,4.333333333333333
Courtyard Columbia,Columbia,MD,39.191868,-76.816211,"Hotel,Hotels Motels,Convention & Meeting Facilities & Services,Hotels,Hotels & Motels",Accommodation & Food Services,3,4.666666666666667
Element Basalt - Aspen,Basalt,CO,39.353466,-106.99875,"Hotel,Hotels,Lodging,Hotel and Motel Consultants,Motels,Hotels and motels,Hotels & Motels",Accommodation & Food Services,2,4.5
Baton Rouge Marriott,Baton Rouge,LA,30.42318,-91.13407,"Hotel,Hotels,Hotel Mid City South",Accommodation & Food Services,3,3.0
Seaside Inn,Isle of Palms,SC,32.7848,-79.7901,"Hotel,General Travel,Hotels Motels,Family-friendly Hotels,Tourist Hotels,Resorts,Business Hotels,Budget Hotels,Hotel and General Travel",Accommodation & Food Services,2,2.0
Hampton Inn Myrtle Beach-Northwood,Myrtle Beach,SC,33.74784,-78.82125,"Hotel,Hotels,Lodging,Corporate Lodging,Luxury Hotels,Golf Resorts,Family-Friendly Hotels,Hotels & Motels,Business Hotels,Beach Hotels,Resorts,Weekend Getaway Hotels,Tourist Hotels",Accommodation & Food Services,1,3.0
Comfort Suites Highlands Ranch Denver Tech Center Area,Littleton,CO,39.565,-104.907,"Hotel,Hotels and motels,Restaurants,American restaurants,Hotels Motels,Hotels",Accommodation & Food Services,7,4.142857142857143
Desert Hills Motel,Tulsa,OK,36.14724,-95.91823,"Hotels,Lodging,Motels,Hotels Motels,Hotel,Bed & Breakfast & Inns",Accommodation & Food Services,1,5.0
Days Inn Fort Wayne,Fort Wayne,IN,41.13101,-85.15459,"Hotels,Lodging,Motels,Hotels and motels,Hotels Motels,Budget Hotels,Hotel",Accommodation & Food Services,6,3.3333333333333335
Hampton Inn Suites Detroit-Canton,Canton,MI,42.31971,-83.44639,"Hotels,Lodging,Corporate Lodging,Hotels and motels,Hotel",Accommodation & Food Services,2,4.5
Quality Inn Troy,Troy,OH,40.037395,-84.20315,"Corporate Lodging,Hotels,Motels,Hotel",Accommodation & Food Services,1,5.0
Hampton San Diego-Kearny Mesa,San Diego,CA,32.83355,-117.14297,"Hotel,Gym / Fitness Center,Hotels",Arts Entertainment & Recreation,2,4.0
Inn At The 5th,Eugene,OR,44.0532,-123.0895,"Hotels and motels,Hotels Motels,Hotel",Accommodation & Food Services,6,5.0
Atlas Motel,Cheyenne,WY,41.12678,-104.83076,"Hotels and motels,Motels,Lodging,Hotels,Hotels Motels,Hotel",Accommodation & Food Services,2,3.0
Hampton Inn-elmira/horseheads,Horseheads,NY,42.16242,-76.87095,"Hotels and motels,Hotels,Lodging,Corporate Lodging,Hotel",Accommodation & Food Services,7,4.285714285714286
Home2 Suites By Hilton Gainesville,Gainesville,FL,29.63209,-82.33906,"Hotels and motels,Hotels,Lodging,Hotel",Accommodation & Food Services,4,5.0
Hilton Garden Inn Akron,Akron,OH,41.06439,-81.48047,"Hotels,Lodging,Hotels and motels,Hotel",Accommodation & Food Services,2,5.0
"Country Inn & Suites By Carlson, Annapolis,",Annapolis,MD,38.98574,-76.556302,"Hotels and motels,Hotel and motel reservations,Hotel,Hotels Motels,Family-friendly Hotels,Tourist Hotels,Budget Hotels,Bed Breakfasts,Business Hotels,Hotels",Accommodation & Food Services,2,5.0
Americas Best Value Inn-east Syracuse,East Syracuse,NY,43.091,-76.08463,"Hotels and motels,Hotel and motel reservations,Motels,Hotels,Lodging,Hotel",Accommodation & Food Services,3,3.6666666666666665
Alakai Hotel & Suites,Wisconsin Dells,WI,43.60151,-89.79317,"Hotels and motels,Hotels,Lodging,Motels,Hotel",Accommodation & Food Services,1,5.0
My Place Hotel-dickinson Nd,Dickinson,ND,46.90788,-102.7907,"Hotels and motels,Hotels,Lodging,Motels,Hotels Motels,Hotel",Accommodation & Food Services,1,2.0
Blue Jay Motel,Hampton,NH,42.9022,-70.8149,"Hotels and motels,Hotels Motels,Motels,Hotels,Lodging,Hotel",Accommodation & Food Services,2,5.0
W Los Angeles - West Beverly Hills,Los Angeles,CA,34.06305,-118.44096,"Hotel,Hotels,Lodging",Accommodation & Food Services,1,3.0
Dillon Motel,Manitou Springs,CO,38.85891,-104.89431,"Motels,Lodging,Hotels,Hotels and motels,Hotels Motels,Hotel",Accommodation & Food Services,4,3.75
Americas Best Value Inn Bighorn Lodge,Grand Lake,CO,40.25294,-105.82526,"Hotels,Lodging,Motels,Hotel,Hotels Motels",Accommodation & Food Services,1,4.0
Best Western Inn Suites,Ontario,OR,44.02684,-116.94428,"Hotels,Lodging,Hotels Motels,Hotel",Accommodation & Food Services,1,5.0
Vail Racquet Club Mountain Resort,Vail,CO,39.62999,-106.29008,"Hotels,Resorts,Restaurants,Resort,Hotel Pool,Hotel",Accommodation & Food Services,1,5.0
Grand Imperial Hotel,Silverton,CO,37.811882,-107.66423,"Hotels,Motels,Lodging,Hotels Motels,Hotel,Restaurants,Hotels & Motels",Accommodation & Food Services,6,4.166666666666667
Cougar Land Motel,Pullman,WA,46.73,-117.18244,"Motels,Hotels,Lodging,Hotels Motels,travel,Hotel",Accommodation & Food Services,2,4.0
Prospector Motel,Grand Junction,CO,39.04702,-108.56514,"Motels,Hotels,Hotel",Accommodation & Food Services,1,4.0
Church Landing at Mill Falls,Meredith,NH,43.65495,-71.49751,"Hotel,Resort,Event Space,Hotels",Accommodation & Food Services,3,5.0
The Winnfield Lodge,Winnfield,LA,31.92594,-92.64767,"Hotels,Lodging,Motels,Hotel",Accommodation & Food Services,1,1.0
The Benson Hotel,Portland,OR,45.521848,-122.678415,"Hotel,Hotels and motels,Hotels,Budget Hotels,Business Hotels,Tourist Hotels,Hotels Motels,Family-friendly Hotels",Accommodation & Food Services,23,4.3478260869565215
Best Western Paradise Inn of Nephi,Nephi,UT,39.69372,-111.83562,"Hotels,Hotels Motels,Hotel",Accommodation & Food Services,4,4.75
Americas Best Value Inn - Corpus Christi/Port Aransas,Port Aransas,TX,27.83087,-97.06528,"Hotels,Lodging,Motels,Hotel",Accommodation & Food Services,1,4.0
Residence Inn Portland North / Vancouver,Vancouver,WA,45.654667,-122.59107,"Hotel,Motel,Hotels Motels,Hotels,Lodging",Accommodation & Food Services,3,4.666666666666667
Best Western Yuba City Inn,Yuba City,CA,39.13865,-121.63607,"Hotels,Lodging,Hotel and motel mgmt.,Hotels and motels,Hotel,Family-friendly Hotels,Hotels Motels,Budget Hotels,Business Hotels,Corporate Housing,Hotels & Motels",Accommodation & Food Services,1,3.0
Hummingbird Inn,Ojai,CA,34.44924,-119.2307,"Hotels,Lodging,Hotel,Hotels and motels,Hotel and motel reservations,Hotels Motels",Accommodation & Food Services,2,4.0
Best Western Black Hills Lodge,Spearfish,SD,44.49275,-103.85212,"Hotel,Hotels,Lodging,Hotels Motels,Family-friendly Hotels,Budget Hotels,Business Hotels,Hotels & Motels,Motels",Accommodation & Food Services,5,3.6
Holiday Inn Ft. Lauderdale-Airport,Hollywood,FL,26.03424,-80.16679,"Hotel,Conference Room,Meeting Room,Hotels",Accommodation & Food Services,8,4.0
Best Western Kings Quarters,Doswell,VA,37.84266,-77.45064,"Hotel,Hotels",Accommodation & Food Services,7,2.857142857142857
Americana Hotel,Arlington,VA,38.8608,-77.05239,"Hotel,Hotels and motels",Accommodation & Food Services,6,3.6666666666666665
Holiday Inn Express & Suites Newport South,Newport,TN,35.9458,-83.2056,"Hotel,Hotels Motels,Family-Friendly Hotels,Tourist Hotels,Weekend Getaway Hotels,Resorts,Beach Hotels,Budget Hotels,Lodging,Business Hotels,Banquet Rooms,Reception Centers,Hotels & Motels,Wedding Sites",Accommodation & Food Services,2,3.5
Siena Suites,Las Vegas,NV,36.08412,-115.03031,"Corporate Lodging,Hotels,Lodging,Motels,Hotels and motels,Hotel",Accommodation & Food Services,5,3.8
Aloft Denver Downtown,Denver,CO,39.74493,-104.99473,"Hotels,Lodging,Hotels and motels,Hotel,Hotel Central Business District",Accommodation & Food Services,1,5.0
Courtyard Chattanooga Downtown,Chattanooga,TN,35.05441,-85.31156,"Hotels,Hotel",Accommodation & Food Services,5,4.0
Hampton Inn New Bedford/Fairhaven,Fairhaven,MA,41.64345,-70.8845,"Hotels,Lodging,Corporate Lodging,Hotels and motels,Hotel,Hotels Motels",Accommodation & Food Services,2,4.5
Ocean Drive Villas,Hollywood,FL,26.02265,-80.1164,"Motels,Hotels and motels,Hotel",Accommodation & Food Services,2,3.5
Hampton Inn West Palm Beach Central Airport,West Palm Beach,FL,26.695874,-80.075042,"Hotel,Hotels and motels",Accommodation & Food Services,6,4.833333333333333
The Mills House Wyndham Grand Hotel,Charleston,SC,32.7777,-79.9312,"Hotel,Hotels Motels,Family-friendly Hotels,Tourist Hotels,Weekend Getaway Hotels,Luxury Hotels,Resorts,Beach Hotels,Budget Hotels,Lodging,Business Hotels",Accommodation & Food Services,58,4.517241379310345
Hyatt Place Milford,Milford,CT,41.231083,-73.029299,"Hotels and motels,Hotel and motel reservations,Restaurants,Hotels",Accommodation & Food Services,6,4.5
Best Western Plus Richmond Inn & Suites-Baton Rouge,Baton Rouge,LA,30.4239,-91.1319,"Hotel,Event Planning,Corporate Housing,Hotels",Accommodation & Food Services,10,4.0
"Country Inn & Suites By Carlson, Marinette, WI",Marinette,WI,45.08529986,-87.65248137,"Hotel,Hotels and motels,Hotel and motel reservations,Hotels Motels,Budget Hotels,Family-friendly Hotels",Accommodation & Food Services,1,3.0
Baymont Inn & Suites-holland,Holland,MI,42.775562,-86.07773,"Hotels and motels,Hotel and motel reservations,Hotel,Hotels Motels,Hotels & Motels",Accommodation & Food Services,2,2.0
Holiday Inn Express & Suites Carmel-north Indianapolis,Carmel,IN,40.009003,-86.12542,"Hotels and motels,Hotel,Hotels",Accommodation & Food Services,7,3.2857142857142856
Hilton Garden Inn Nashville Brentwood,Brentwood,TN,36.02837,-86.78824,"Hotels and motels,Lodging,Hotels,Hotel",Accommodation & Food Services,1,5.0
Days Inn Faribault,Faribault,MN,44.32076,-93.29714,"Hotels and motels,Hotel and motel reservations,Hotels Motels,Hotels,Lodging,Motels,Hotel",Accommodation & Food Services,2,4.0
Days Inn-ellis,Ellis,KS,38.94734,-99.55955,"Hotels and motels,Hotel and motel reservations,Hotels,Lodging,Motels,Hotels Motels,Hotel",Accommodation & Food Services,2,4.0
Hampton Inn & Suites Dickinson,Dickinson,ND,46.89819,-102.78512,"Hotel,Hotels,Lodging,Corporate Lodging,Hotels and motels",Accommodation & Food Services,1,5.0
Courtyard Scranton Wilkes-Barre,Moosic,PA,41.36367,-75.68512,"Hotel,Hotels Motels",Accommodation & Food Services,6,4.166666666666667
Best Western Twin Islands,Gatlinburg,TN,35.71355,-83.51152,"Hotel,Hotels",Accommodation & Food Services,36,4.083333333333333
Morongo Casino Resort & Spa,Cabazon,CA,33.9216,-116.800735,"Casino,Hotel,Resort,Spa,Hotels",Accommodation & Food Services,1,4.0
Aloft Detroit at The David Whitney,Detroit,MI,42.33588,-83.05027,"Hotel,Hotels and motels,Hotels,Lodging",Accommodation & Food Services,2,4.0
Fairfield Inn & Suites Indianapolis Downtown,Indianapolis,IN,39.767114,-86.168269,"Hotel,Hotels",Accommodation & Food Services,7,4.142857142857143
Hotel Indigo Pittsburgh East Liberty,Pittsburgh,PA,40.46242,-79.924934,"Hotel,Conference Room,Meeting Room,Hotels and motels,Hotels & Motels,Family-Friendly Hotels,Tourist Hotels,Weekend Getaway Hotels,Luxury Hotels,Resorts,Boutique Hotels,Beach Hotels,Lodging,Business Hotels",Accommodation & Food Services,1,5.0
DoubleTree by Hilton Hotel Orlando at SeaWorld,Orlando,FL,28.418021,-81.460006,"Hotel,Conference Room,Meeting Room,Hotels,Hotels Motels,Family-friendly Hotels,Tourist Hotels,Luxury Hotels,Boutique Hotels,Budget Hotels,Bars Clubs,Business Hotels,Conference Convention Centers",Accommodation & Food Services,2,4.0
Days Inn,Davenport,IA,41.55378,-90.52734,"Hotel,Resort,Hotels Motels,Hotels,Lodging,Motels,Corporate Lodging",Accommodation & Food Services,1,5.0
The Westin Washington Dulles Airport,Herndon,VA,38.958011,-77.41702,"Hotel,Airports,Hotels and motels,Hotels & Motels",Accommodation & Food Services,3,4.666666666666667
Best Western Wapakoneta Inn,Wapakoneta,OH,40.5601,-84.17172,"Lodging,Hotels,Hotel,Hotels Motels",Accommodation & Food Services,2,4.5
Hampton Inn Suites Monroe,Monroe,LA,32.49287,-92.05618,"Hotels,Lodging,Corporate Lodging,Hotels and motels,Hotel",Accommodation & Food Services,1,5.0
Hampton Inn Galax,Galax,VA,36.68654,-80.88493,"Hotels,Lodging,Corporate Lodging,Hotels and motels,Hotel",Accommodation & Food Services,1,5.0
Hampton Inn Lebanon,Lebanon,KY,37.565834,-85.26681,"Hotels,Corporate Lodging,Lodging,Hotels & Motels,Hotel",Accommodation & Food Services,2,5.0
Red Lion Inn Suites Denver Airport,Denver,CO,39.82397,-104.77112,"Hotels,Motels,Hotel",Accommodation & Food Services,6,4.166666666666667
Mesa Verde Motel,Mancos,CO,37.34726,-108.28728,"Motels,Hotels,Lodging,Hotels and motels,Hotel and motel reservations,Hotel,Hotels Motels",Accommodation & Food Services,1,4.0
The Norwood Inn,Norwood,CO,38.13104,-108.29169,"Hotels,Motels,Hotels Motels,Hotel",Accommodation & Food Services,2,5.0
Residence Inn Decatur Forsyth,Forsyth,IL,39.92003,-88.95218,"Hotels,Lodging,Hotel,Travel & Transport,Hotels & Motels",Accommodation & Food Services,1,5.0
Americas Best Value Inn Grand Junction,Grand Junction,CO,39.11415,-108.53428,"Hotels,Lodging,Motels,Hotel",Accommodation & Food Services,1,4.0
Best Western Casino Inn,Vinton,LA,30.14833,-93.63858,"Hotels,Lodging,Hotels and motels,Hotels Motels,Hotel,Motels",Accommodation & Food Services,1,3.0
Rodeway Inn Suites Downtowner-Rte 66,Williams,AZ,35.25156,-112.18606,"Hotels,Motels,Lodging,Hotels and motels,Hotel and motel reservations,Hotel",Accommodation & Food Services,6,4.166666666666667
Port Motel,Port Allegany,PA,41.82098,-78.28738,"Motels,Lodging,Hotels and motels,Hotels Motels,Hotel,Hotels",Accommodation & Food Services,1,4.0
Ramada Oklahoma City Near Bricktown,Oklahoma City,OK,35.46475,-97.47555,"Hotels,Hotels and motels,Hotel",Accommodation & Food Services,15,2.8666666666666667
"Ambassador Hotel Oklahoma City, Autograph Collection",Oklahoma City,OK,35.4803,-97.52074,"Hotels,Hotels and motels,Hotel,Hotel and Resort",Accommodation & Food Services,6,4.166666666666667
Residence Inn Indianapolis Carmel,Carmel,IN,39.96157,-86.15636,"Hotel,Hotels Motels",Accommodation & Food Services,1,4.0
Staybridge Suites Indianapolis-Carmel,Indianapolis,IN,39.945827,-86.154526,"Hotel,Conference Room,Meeting Room,Hotels and motels,Hotels",Accommodation & Food Services,3,4.333333333333333
Hilton Garden Inn Jonesboro,Jonesboro,AR,35.81178,-90.67494,"Hotel,Hotels,Lodging",Accommodation & Food Services,1,5.0
Best Western Plus The Inn at King of Prussia,King of Prussia,PA,40.084095,-75.388275,"Hotel,Hotels Motels,Lodging,Corporate Housing,Hotels,Accommodations & Lodging,Motels",Accommodation & Food Services,8,4.625
Best Western Plus Rama Inn,Redmond,OR,44.25143,-121.18567,"Hotels,Lodging,Hotel and motel mgmt.,Hotels and motels,Hotel and motel reservations,Family-Friendly Hotels,Budget Hotels,Hotels & Motels,Business Hotels",Accommodation & Food Services,6,3.5
Best Western Plus Tupelo Inn & Suites,Tupelo,MS,34.29909,-88.70694,"Hotel,Hotels,Lodging,Banquet Halls and Reception Facilities,Hotels Motels",Accommodation & Food Services,5,4.6
Best Western Hampton Coliseum Inn,Hampton,VA,37.03927,-76.38634,"Hotels,Lodging,Hotels and motels,Family-friendly Hotels,Tourist Hotels,Hotels Motels,Budget Hotels,Business Hotels,Corporate Housing,Hotel",Accommodation & Food Services,2,4.5
Hampton Inn Suites Leesburg,Leesburg,VA,39.10693,-77.54327,"Hotels,Lodging,Corporate Lodging,Hotel",Accommodation & Food Services,3,4.0
Jack Huff's,Gatlinburg,TN,35.71036,-83.51405,"Hotels,Lodging,Motels,Hotel",Accommodation & Food Services,1,5.0
Old Colonial Motel,Old Orchard Beach,ME,43.51116,-70.37732,"Hotels,Lodging,Motels,Resorts,Hotel",Accommodation & Food Services,1,5.0
Americas Best Value Inn Jonesville,Jonesville,NC,36.20057,-80.81212,"Hotels,Lodging,Motels,Hotel",Accommodation & Food Services,2,3.0
Harrison Street Inn,Cannon Beach,OR,45.89084,-123.96149,"Hotels,Motels,Hotel,B&bs / Inns",Accommodation & Food Services,1,3.0
"Home2 Suites by Hilton Erie, PA",Erie,PA,42.046,-80.08098,"Hotels,Lodging,Hotels and motels,Hotel",Accommodation & Food Services,7,3.7142857142857144
Hilton Garden Inn Buffalo Downtown,Buffalo,NY,42.88597,-78.87359,"Hotels,Lodging,Hotel,Hotel Central Business District",Accommodation & Food Services,3,4.0
Home2 Suites by Hilton Buffalo Airport/Galleria Mall,Buffalo,NY,42.90875,-78.76243,"Hotels,Lodging,Hotels and motels,Hotel",Accommodation & Food Services,1,4.0
Quality Inn Suites Conference Center,Erie,PA,42.06753,-80.04224,"Hotels,Motels,Corporate Lodging,Hotel",Accommodation & Food Services,1,4.0
Tupper Lake Motel,Tupper Lake,NY,44.22526,-74.45488,"Motels,Lodging,Hotels,Hotels and motels,Hotels Motels,Hotel",Accommodation & Food Services,1,4.0
Hilton Garden Inn Ithaca,Ithaca,NY,42.44074,-76.49741,"Hotels,Lodging,Banquet Halls and Reception Facilities,Hotels and motels,Hotel and motel reservations,Hotel",Accommodation & Food Services,5,5.0
Catskill Rose Lodging Dining,Mount Tremper,NY,42.04651,-74.27305,"Hotels,Hotel and Motel Consultants,Lodging,Restaurants,Hotel",Accommodation & Food Services,3,3.6666666666666665
Crossland Economy Studios Salem - North,Salem,OR,44.97075,-122.98914,"Hotels,Lodging,Corporate Lodging,Hotels-Apartment,Motels,Hotel",Accommodation & Food Services,1,1.0
SpringHill Suites Denver North/Westminster,Broomfield,CO,39.883358,-105.072334,"Hotel,Hotels,Motels",Accommodation & Food Services,6,4.166666666666667
Hampton Inn Concord/Bow,Bow,NH,43.17048,-71.53343,"Hotels,Lodging,Corporate Lodging,Family-Friendly Hotels,Hotels & Motels,Budget Hotels,Hotel,Business Hotels,Tourist Hotels",Accommodation & Food Services,6,4.666666666666667
Super 8 Bloomington/Airport,Minneapolis,MN,44.86075,-93.27549,"Hotels,Lodging,Motels,Hotels and motels,Hotels Motels,Budget Hotels,Business Hotels,Family-friendly Hotels,Tourist Hotels,Hotel",Accommodation & Food Services,8,4.25
Days Inn Columbus Airport,Columbus,OH,39.98717,-82.91299,"Motels,Corporate Lodging,Lodging,Hotels,Hotel",Accommodation & Food Services,1,5.0
Americas Best Value Inn - Medical Center / Lubbock,Lubbock,TX,33.57681,-101.90021,"Hotels,Lodging,Motels,Hotel",Accommodation & Food Services,1,1.0
Urbana Landmark Hotel,Urbana,IL,40.11106,-88.20793,"Hotels,Lodging,Hotels and motels,Motels,Hotels Motels,Hotel",Accommodation & Food Services,1,3.0
Alpine River Suites,Helen,GA,34.70175,-83.72436,"Hotels,Lodging,Hotel",Accommodation & Food Services,1,5.0
Best Western Dartmouth Inn,North Dartmouth,MA,41.63823,-71.02717,"Hotels,Lodging,Hotel and motel mgmt.,Hotels and motels,Hotels Motels,Hotel,Motels",Accommodation & Food Services,3,5.0
Economy Inn,Chattanooga,TN,35.01079,-85.21954,"Hotels and motels,Motels,Lodging,Hotel",Accommodation & Food Services,6,1.1666666666666667
Shamrock Country Inn,Shamrock,TX,35.2265,-100.2422,"Hotels and motels,Hotels Motels,Hotels & Motels,Hotel",Accommodation & Food Services,1,5.0
Best Western Merrimack Valley,Haverhill,MA,42.7745,-71.1166,"Hotel and motel mgmt.,Hotels and motels,Lodging,Corporate Housing,Hotels Motels,Hotels,Hotel,Travel and Tourism",Accommodation & Food Services,6,3.3333333333333335
Wingate By Wyndham Alpharetta,Alpharetta,GA,34.03955,-84.32345,"Hotels and motels,Hotel and motel reservations,Hotels,Lodging,Corporate Lodging,Hotels Motels,Family-friendly Hotels,Tourist Hotels,Business Hotels,Budget Hotels,Hotel",Accommodation & Food Services,2,2.0
Best Western Mcdonough Inn & Suites,McDonough,GA,33.4254,-84.1771,"Hotel and motel mgmt.,Hotels and motels,Hotel and motel reservations,Hotel,Hotels Motels,Hotels,Lodging,Travel and Tourism",Accommodation & Food Services,1,5.0
Silverstone Inn & Suites,Post Falls,ID,47.711864,-116.997625,"Hotels and motels,Hotels,Hotel",Accommodation & Food Services,10,4.0
Best Western Plus-portage Hotel & Suites,Portage,IN,41.5984,-87.18,"Hotel and motel mgmt.,Hotels and motels,Lodging,Hotels Motels,Hotels,Corporate Housing,Hotel",Accommodation & Food Services,1,4.0
Hampton Inn Hilton Head,Hilton Head Island,SC,32.21591,-80.70064,"Hotels and motels,Hotels,Lodging,Corporate Lodging,Hotel",Accommodation & Food Services,8,4.0
Blue Sands Motel,Santa Barbara,CA,34.41745,-119.67278,"Hotels and motels,Hotels,Hotel,Motel East Beach,Lodging,Motels",Accommodation & Food Services,3,4.666666666666667
The Park On Main Hotel,Highlands,NC,35.05353,-83.20065,"Hotel and motel mgmt.,Hotels and motels,Hotels,Lodging,Motels,Hotels Motels,Hotels & Motels",Accommodation & Food Services,1,5.0
Aloft Buffalo Airport,Buffalo,NY,42.93166,-78.73025,"Airports,Hotels and motels,Hotel and motel reservations,Hotel,Hotels,Lodging,Travel and Tourism",Accommodation & Food Services,5,4.4
Enchanted Isle Resort,Hollywood,FL,26.00193,-80.11662,"Apartments,Hotels and motels,Resorts,Lodging,Hotels,Hotel,Motels",Accommodation & Food Services,2,4.0
Hampton Inn Indianapolis/carmel,Carmel,IN,39.96837,-86.15593,"Hotels and motels,Hotel,Hotels",Accommodation & Food Services,14,4.5
Norfolk Country Inn & Suites,Norfolk,NE,42.0192,-97.4263,"Motel,Hotel,Hotels Motels,Hotels",Accommodation & Food Services,6,2.8333333333333335
Residence Inn St. Louis Galleria,Saint Louis,MO,38.630151,-90.340861,"Hotel,Hotels Motels,Hotels & Motels",Accommodation & Food Services,2,3.5
Hampton Inn Kingsland,Kingsland,GA,30.790037,-81.66398,"Hotel,Hotels and motels,Hotel and motel reservations",Accommodation & Food Services,6,3.8333333333333335
Hemlock Hall,Blue Mountain Lake,NY,43.837498,-74.42983,"Resorts,Lake Management,Hotel,Hotels",Accommodation & Food Services,1,5.0
Christy's Motel,Old Forge,NY,43.7041,-74.98307,"Motels,Lodging,Hotels,Hotel,Hotels and motels,Hotel and motel reservations",Accommodation & Food Services,6,4.333333333333333
Home2 Suites by Hilton Albuquerque/Downtown-University,Albuquerque,NM,35.10329,-106.62655,"Hotels,Lodging,Hotel,Hotels and motels,Hotel and motel reservations",Accommodation & Food Services,5,4.4
Motel 6 Santa Fe - Cerrillos Road South,Santa Fe,NM,35.64552,-106.00897,"Hotels,Lodging,Motels,Hotel",Accommodation & Food Services,3,2.0
Americas Best Value Inn Pryor,Pryor,OK,36.30456,-95.3192,"Hotels,Lodging,Motels,Hotels and motels,Hotel and motel reservations,Hotel",Accommodation & Food Services,2,3.5
Days Inn Oklahoma City/Moore,Oklahoma City,OK,35.385,-97.4959,"Lodging,Hotels,Motels,Hotels Motels,Hotel",Accommodation & Food Services,5,4.0
Best Western Plus Fort Wayne Inn Suites North,Fort Wayne,IN,41.13282,-85.16492,"Hotels,Lodging,Hotels Motels,Hotel",Accommodation & Food Services,10,4.7
Sands Resort,Ocean Shores,WA,47.01099,-124.16695,"Resorts,Lodging,Motels,Hotels,Hotel",Accommodation & Food Services,1,1.0
Best Western Plus Columbia North East,Columbia,SC,34.07641,-80.94471,"Hotels,Lodging,Hotel",Accommodation & Food Services,11,4.7272727272727275
Comfort Suites Lexington,Lexington,SC,33.98434,-81.24298,"Hotels,Lodging,Hotel",Accommodation & Food Services,3,5.0
Super 8 Augusta,Augusta,GA,33.51148,-82.0469,"Hotels,Lodging,Motels,Hotels and motels,Hotel and motel reservations,Hotel,Hotels Motels",Accommodation & Food Services,8,1.75
Crown Reef Beach Resort and Waterpark,Myrtle Beach,SC,33.66071,-78.91563,"Resorts,Hotels,Lodging,Hotel",Accommodation & Food Services,1,5.0
Motel 6 York North,York,PA,39.98381,-76.73349,"Hotels,Lodging,Motels,Hotels and motels,Hotel",Accommodation & Food Services,1,2.0
Bass Harbor Cottages and Country Inn,Bass Harbor,ME,44.24533,-68.3452,"Cottages,Hotel,Hotels",Accommodation & Food Services,1,4.0
Chebeague Island Inn,Chebeague Island,ME,43.75215,-70.10282,"Hotels,Motels,Restaurants,Hotel,Lodging,Restaurant",Accommodation & Food Services,1,4.0
Best Western Plus Lake Front Hotel,Moses Lake,WA,47.1032,-119.3176,"Hotel,Hotels,Hotels Motels",Accommodation & Food Services,12,4.416666666666667
Sailor Jack Ocean Front Motel,Lincoln City,OR,44.97287,-124.01641,"Hotel,Hotels,Lodging,Motels",Accommodation & Food Services,4,4.5
Millennium Hotel Cincinnati,Cincinnati,OH,39.288739,-84.349266,"Hotel,Event Space,Resort,Hotel, Event Space, and Resort Central Business District,Family-Friendly Hotels,Hotels & Motels,Budget Hotels,Business Hotels,Resorts,Tourist Hotels,Attractions",Accommodation & Food Services,9,2.3333333333333335
Best Western Of Alexandria Inn & Suites & Conference Center,Alexandria,LA,31.3124,-92.4778,"Hotel,Hotels Motels",Accommodation & Food Services,1,3.0
Days Inn Greeley,Greeley,CO,40.42074,-104.7723,"Hotels,Lodging,Motels,Hotels Motels,Budget Hotels,Hotels & Motels,Hotel",Accommodation & Food Services,5,3.6
Royal Anchor Resort,Old Orchard Beach,ME,43.53126,-70.36024,"Hotels,Lodging,Motels,Resorts,Hotel",Accommodation & Food Services,4,3.5
Home2 Suites by Hilton Austin North/Near the Domain,Austin,TX,30.39781,-97.718,"Hotels,Lodging,Hotels and motels,Hotel and motel reservations",Accommodation & Food Services,4,4.25
Super 8 Midland,Midland,TX,31.97716,-102.11606,"Lodging,Motels,Hotels Motels,Hotel",Accommodation & Food Services,1,5.0
Hampton Inn Odessa,Odessa,TX,31.88892,-102.33335,"Hotel,Hotels,Lodging,Corporate Lodging",Accommodation & Food Services,1,5.0
Mountain View Inn,Cleveland,TN,35.1968,-84.88497,"Corporate Lodging,Hotels,Lodging,Hotels Motels,Hotels and motels,Hotel",Accommodation & Food Services,1,3.0
SpringHill Suites Boise Parkcenter,Boise,ID,43.59462,-116.17709,"Hotels,Lodging,Motels,Corporate Lodging,Hotels-Apartment,Hotel,Hotels Motels",Accommodation & Food Services,3,5.0
Solstice Motorcoach Resort,Mesquite,NV,36.80553,-114.06719,"Resorts,Hotels,Hotel",Accommodation & Food Services,1,3.0
Hilton Garden Inn Richmond Airport,Sandston,VA,37.52771,-77.32922,"Hotel,Meeting Room,Hotels,Lodging,Hotels and motels,Hotels & Motels",Accommodation & Food Services,3,4.0
Daytona Shores Inn And Suites,Daytona Beach,FL,29.15911,-80.97293,"Hotels,Hotels Motels,Resorts,Hotel",Accommodation & Food Services,3,2.6666666666666665
Hampton Inn Suites Deland,DeLand,FL,29.05632,-81.30475,"Hotels,Lodging,Corporate Lodging,Hotels and motels,Hotels & Motels,Hotel",Accommodation & Food Services,3,5.0
Kimberling Oaks Resort,Kimberling City,MO,36.63699,-93.4129,"Resorts,Lodging,Motels,Hotels and motels,Cabins,Hotels Motels,Hotel,Hotels & Motels,Hotels",Accommodation & Food Services,1,5.0
Timber Creek Chalets,Estes Park,CO,40.39276,-105.56186,"Hotels,Lodging,Motels,Resorts,Hotel",Accommodation & Food Services,2,4.0
The Mountain Inn,Killington,VT,43.630775,-72.79709,"Ski Lodge,Hotels Motels,Hotel",Accommodation & Food Services,2,3.0
Americas Best Value Inn New Philadelphia,New Philadelphia,OH,40.49105,-81.47224,"Hotel,Hotels,Lodging,Motels",Accommodation & Food Services,1,3.0
Hampton Inn Suites Columbus/University Area,Columbus,OH,40.417286,-82.90712,"Hotels,Lodging,Corporate Lodging,Hotel",Accommodation & Food Services,1,5.0
Blue Gentian Lodge,Londonderry,VT,43.20496,-72.7731,"Hotels,Motels,Lodging,Resorts,Hotels and motels,Hotel",Accommodation & Food Services,1,5.0
Jameson Inn - Perry,Perry,GA,32.46717,-83.74465,"Hotels,Lodging,Hotel",Accommodation & Food Services,1,4.0
Microtel Inn Suites by Wyndham Pigeon Forge,Pigeon Forge,TN,35.82274,-83.57623,"Hotel,Hotels,Lodging",Accommodation & Food Services,1,5.0
Springhill Suites Pensacola,Pensacola,FL,30.49456,-87.22458,"Hotels,Lodging,Motels,Hotels and motels,Hotel and motel reservations,Hotel",Accommodation & Food Services,2,5.0
TownePlace Suites Pensacola,Pensacola,FL,30.49544,-87.22484,"Hotels,Hotel",Accommodation & Food Services,1,5.0
Drury Plaza Hotel St. Louis at the Arch,Saint Louis,MO,38.62469,-90.18861,"Hotels,Lodging,Motels,Hotel,Bed Breakfast,Motel,Hotels & Motels",Accommodation & Food Services,11,4.454545454545454
Wilbraham Inn,Wilbraham,MA,42.14945,-72.47322,"Hotels and motels,Hotel and motel reservations,Corporate Lodging,Hotels,Hotel,Lodging,Bed & Breakfast & Inns,Motels",Accommodation & Food Services,1,1.0
Relax Inn,Martinsburg,WV,39.44466,-77.9805,"Hotels and motels,Motels,Lodging,Hotels Motels,Budget Hotels,Hotels & Motels,Hotel",Accommodation & Food Services,3,3.6666666666666665
Hampton Inn Baltimore/white Marsh,Nottingham,MD,39.37186,-76.45937,"Hotels and motels,Hotels,Lodging,Corporate Lodging,Hotel",Accommodation & Food Services,1,5.0
Neptune Hollywood Beach Hotel,Hollywood,FL,26.024508,-80.11535,"Hotels and motels,Hotel and motel reservations,Resorts,Hotels-Apartment,Hotels,Apartments,Hotel,Motels",Accommodation & Food Services,15,4.466666666666667
Best Western,Latta,SC,34.338232,-79.522479,"Hotel and motel mgmt.,Hotels and motels,Hotel and motel reservations,Hotels Motels,Hotels & Motels",Accommodation & Food Services,2,3.0
Lexington Inn At Jfk Airport,Jamaica,NY,40.70271,-73.8153,"Airports,Hotels and motels,Hotel and motel reservations,Hotel,Motel",Accommodation & Food Services,1,4.0
Holiday Inn Express Wilkes-barre/scranton (airport),Pittston,PA,41.33131,-75.73683,"Hotels and motels,Hotel and motel reservations,Travel agencies and bureaus,Hotels,Hotel",Accommodation & Food Services,4,3.75
Best Western Plus Goodman Inn & Suites,Horn Lake,MS,34.96104,-90.00876,"Hotel and motel mgmt.,Hotels and motels,Hotels,Lodging,Corporate Housing,Hotels Motels,Hotels & Motels",Accommodation & Food Services,2,4.0
Country Inn&Suites By Carlson,Smyrna,GA,33.830417,-84.49147,"Hotels and motels,Hotel and motel reservations,Hotels,Hotel",Accommodation & Food Services,3,3.0
Neal's Court,Grand Prairie,TX,32.74077,-97.02752,"Apartments,Hotels and motels,Restaurant,Hotel",Accommodation & Food Services,1,5.0
Americas Best Value Inn-north Capital,Raleigh,NC,35.8267,-78.58679,"Hotels and motels,Hotel and motel reservations,Hotels,Lodging,Motels,Hotel",Accommodation & Food Services,1,3.0
Microtel Inn & Suites By Wyndham Dickson City/scranton,Scranton,PA,41.4512,-75.6368,"Hotels and motels,Hotel and motel reservations,Motel,Hotels Motels,Family-friendly Hotels,Tourist Hotels,Business Hotels,Budget Hotels,Hotel",Accommodation & Food Services,12,4.916666666666667
Best Western Plus Swiss Chalet Hotel Suites,Pecos,TX,31.39617,-103.50528,"Hotels,Lodging,Hotel,Hotels Motels",Accommodation & Food Services,1,5.0
Wyndham Garden-amarillo,Amarillo,TX,35.19576,-101.87081,"Hotels and motels,Hotel and motel reservations,Wedding supplies, services, chapels, facilities, etc.,Hotel,Hotels,Lodging",Accommodation & Food Services,2,1.5
Top Hat Motel,Wisconsin Dells,WI,43.62833,-89.77523,"Hotels and motels,Motels,Hotels Motels,Hotel",Accommodation & Food Services,2,4.0
Aqua Waikiki Pearl,Honolulu,HI,21.281084,-157.82661,"Hotels and motels,Hotels,Lodging,Resorts,Hotels Motels,Hotel",Accommodation & Food Services,5,4.2
Super 8 Port Royal/beaufort,Port Royal,SC,32.39842,-80.68583,"Hotels and motels,Hotels,Lodging,Motels,Hotels Motels,Budget Hotels,Hotel",Accommodation & Food Services,2,2.5
Red Roof Inn Hardeeville,Hardeeville,SC,32.275773,-81.081571,"Hotels and motels,Hotel and motel reservations,Hotels Motels,Family-friendly Hotels,Business Hotels,Budget Hotels,Hotels",Accommodation & Food Services,9,3.0
Days Inn-jfk Airport,Jamaica,NY,40.665629,-73.784037,"Hotels and motels,Hotel and motel reservations,Hotels",Accommodation & Food Services,2,3.5
Magnuson Hotel Norfolk Airport,Virginia Beach,VA,36.88586,-76.18147,"Airports,Hotels and motels,Corporate Lodging,Hotels,Lodging,Motels,Hotels Motels,Family-Friendly Hotels,Tourist Hotels,Luxury Hotels,Business Hotels,Airport Consultants,Budget Hotels,Hotel",Accommodation & Food Services,1,5.0
MainStay Suites,Chattanooga,TN,35.04185,-85.16014,"Hotels and motels,Hotels,Lodging,Hotel",Accommodation & Food Services,3,5.0
Holiday Inn Express Marietta - Atlanta Northwest,Marietta,GA,33.921727,-84.491939,"Hotels and motels,Hotel and motel reservations,Hotel,Hotels",Accommodation & Food Services,3,2.3333333333333335
Days Inn Suites Big Spring,Big Spring,TX,32.22726,-101.46966,"Hotels,Lodging,Motels,Hotels and motels,Hotels Motels,Hotel",Accommodation & Food Services,2,5.0
Extended Stay America Fort Worth - Southwest,Fort Worth,TX,32.68155,-97.412285,"Hotels,Lodging,Corporate Lodging,Hotels-Apartment,Motels,Hotel,furnished apartments",Accommodation & Food Services,2,2.5
Hampton Inn Houston Deer Park Ship Area,Deer Park,TX,29.69769,-95.12491,"Hotels and motels,Hotels,Lodging,Corporate Lodging,Hotel",Accommodation & Food Services,3,2.6666666666666665
Sound Board,Detroit,MI,42.33978,-83.06718,"Nightclub,Concert Hall,Casino,Hotels,Hotel,Diner",Accommodation & Food Services,8,4.625
Flamingo Suites,Tucson,AZ,32.31885,-110.97626,"Hotels,Lodging,Motels,Hotel,Hotels-Apartment,Resorts",Accommodation & Food Services,1,1.0
Redwood Motel,Chandler,AZ,33.31091,-111.84188,"Motels,Hotels,Lodging,Hotels and motels,Hotel",Accommodation & Food Services,1,4.0
Motel 6 Scottsdale,Scottsdale,AZ,33.50291,-111.93309,"Hotels,Lodging,Motels,Hotel,Hotel Fashion Square",Accommodation & Food Services,1,4.0
Northwoods Resort,Pinetop,AZ,34.13897,-109.95358,"Resorts,Hotels,Lodging,Motels,Hotels Motels,Hotel",Accommodation & Food Services,1,4.0
Best Western Grandma's Feather Bed,Juneau,AK,58.362766,-134.52943,"Lodging,Hotels,Hotel",Accommodation & Food Services,4,5.0
Hampton Inn Oxford-West,Oxford,MS,34.36466,-89.55758,"Hotels,Lodging,Corporate Lodging,Hotel",Accommodation & Food Services,5,4.6
Best Western Manhattan Inn,Manhattan,KS,39.18661,-96.54947,"Hotels,Lodging,Corporate Housing,Hotels Motels,Hotel,Travel and Tourism",Accommodation & Food Services,3,3.3333333333333335
Hampton Inn Suites Kansas City-Country Club Plaza,Kansas City,MO,39.0438,-94.59647,"Lodging,Hotels,Corporate Lodging,Hotel",Accommodation & Food Services,6,4.166666666666667
Comfort Suites Kansas City-Liberty,Kansas City,MO,39.24041,-94.46157,"Hotels,Lodging,Corporate Lodging,Motels,Hotels Motels,Hotel",Accommodation & Food Services,1,4.0
Alicia's Eagle Rock Lodge,Kenai,AK,60.614468,-151.25456,"Hotels,Lodging,Motels,Hotels Motels,Travel and Tourism,Hotel",Accommodation & Food Services,1,3.0
Inn On The Bayou,Lake Charles,LA,30.19817,-93.23776,"Hotels,Motels,Lodging,Bed and Breakfast and Inns,Hotels and motels,Hotels Motels,Budget Hotels,Hotel",Accommodation & Food Services,1,4.0
Park Plaza Motel,Sidney,MT,47.7107,-104.16141,"Motels,Hotels,Lodging,Travel and Tourism,Pet Friendly Hotels,Hotel,Hotel and Motel Reservations,Hotels and Lodging",Accommodation & Food Services,1,4.0
Hampton Inn Oxford,Oxford,ME,44.11712,-70.44369,"Hotels,Lodging,Corporate Lodging,Hotel",Accommodation & Food Services,1,5.0
Travelodge Cortez,Cortez,CO,37.34909,-108.57083,"Lodging,Motels,Hotels Motels,Family-friendly Hotels,Budget Hotels,Business Hotels,Conference Convention Centers,Hotel",Accommodation & Food Services,1,3.0
Sleep Inn And Suites Danville,Danville,IL,40.12351,-87.54117,"Hotel,Hotels,Lodging,Motels,Corporate Lodging",Accommodation & Food Services,1,5.0
PVC at The Roundhouse Resort,Pinetop,AZ,34.1137,-109.89142,"Hotels,Resorts,Hotel",Accommodation & Food Services,3,4.666666666666667
Best Western Pioneer Inn,Lahaina,HI,20.917433,-156.67715,"Hotel,Hotel and motel mgmt.,Hotels and motels,Restaurants,American restaurants,Hotels,Lodging,Travel and Tourism",Accommodation & Food Services,17,4.352941176470588
Best Western Ramkota Hotel,Watertown,SD,44.89019,-97.14418,"Hotel,Hotels",Accommodation & Food Services,5,3.8
Primrose Motel,Denver,CO,39.79586,-105.02458,"Motels,Lodging,Hotels,Hotels and motels,Hotel",Accommodation & Food Services,1,5.0
Ramada Mesa Phoenix East Area,Mesa,AZ,33.38421,-111.87608,"Hotels,Hotels and motels,Hotel and motel reservations,Hotel",Accommodation & Food Services,6,2.5
Hilton Garden Inn Wichita,Wichita,KS,37.72089,-97.24155,"Hotels,Lodging,Motels,Hotel",Accommodation & Food Services,8,4.375
"Country Inn & Suites By Carlson, Ames, IA",Ames,IA,42.00878,-93.57829,"Hotel,Hotels and motels,Hotel and motel reservations,Family-Friendly Hotels,Hotels & Motels,Budget Hotels",Accommodation & Food Services,3,4.666666666666667
Lofts on Pearl,Buffalo,NY,42.8815,-78.8773,"Hotel,Hotels,Motels,Hotel Central Business District",Accommodation & Food Services,2,4.5
Econo Lodge South,Petoskey,MI,45.350616,-84.967575,"Hotel,Hotels and motels,Hotel and motel reservations,Hotels Motels,Lodging,Budget Hotels,Corporate Lodging,Hotels,Motels",Accommodation & Food Services,1,1.0
The Armstrong Hotel,Fort Collins,CO,40.58451,-105.07762,"Hotels,Lodging,Hotels and motels,Hotel",Accommodation & Food Services,4,4.75
Best Western Gardens Hotel At Joshua Tree National Park,Twentynine Palms,CA,34.1347,-116.1031,"Hotel,Hotels Motels",Accommodation & Food Services,5,4.6
Barn Motor Inn,Prosser,WA,46.21565,-119.78738,"Hotels,Hotel",Accommodation & Food Services,3,2.0
Friday Harbor Suites,Friday Harbor,WA,48.53222,-123.0237,"Hotels,Lodging,Corporate Lodging,Hotels-Apartment,Resorts,Motels,Hotel",Accommodation & Food Services,1,5.0
Regency Inn Suites,Pittsburg,KS,37.44348,-94.70742,"Motels,Lodging,Hotels,Hotels and motels,Hotel",Accommodation & Food Services,1,5.0
Best Western Plus Stevens County Inn,Hugoton,KS,37.168224,-101.33462,"Hotels,Lodging,Hotel",Accommodation & Food Services,1,5.0
Circle B Motor Lodge,Benkelman,NE,40.09805,-101.534355,"Resorts,Motels,Lodging,Hotel,Hotels",Accommodation & Food Services,1,1.0
Hampton Inn Suites Sioux City/South,Sioux City,IA,42.44682,-96.33576,"Hotel,Hotels,Lodging,Corporate Lodging",Accommodation & Food Services,1,5.0
Hilltop Motel,International Falls,MN,48.58393,-93.39711,"Motels,Lodging,Hotels,Hotels Motels,Hotel,Hotels & Motels",Accommodation & Food Services,2,4.0
Days Inn Moose Lake,Moose Lake,MN,46.43463,-92.74935,"Lodging,Hotels,Motels,Hotels and motels,Hotels Motels,Hotel",Accommodation & Food Services,2,4.0
Grant House Hotel Eatery,Rush City,MN,45.68442,-92.96185,"Hotels,Lodging,Motels,Restaurants,Restaurant,Hotel",Accommodation & Food Services,1,5.0
Super 8 St Cloud,Saint Cloud,MN,45.55158,-94.20826,"Lodging,Motels,Hotels Motels,Hotel",Accommodation & Food Services,1,1.0
Days Inn Milledgeville,Milledgeville,GA,33.11612,-83.26032,"Hotels,Lodging,Motels,Hotels Motels,Budget Hotels,Hotel",Accommodation & Food Services,1,3.0
"Drury Inn Suites Jackson, MO",Jackson,MO,37.4272,-89.64302,"Hotels,Lodging,Motels,Bed and Breakfast and Inns,Hotels and motels,Hotel and motel reservations,Hotel",Accommodation & Food Services,5,5.0
Drury Inn Suites Sikeston,Sikeston,MO,36.89169,-89.53665,"Hotels,Lodging,Motels,Hotels Motels,Motel and Hotel,Hotels & Motels",Accommodation & Food Services,2,5.0
Econo Lodge Downtown,Louisville,KY,38.25232,-85.75327,"Hotels,Lodging,Motels,Corporate Lodging,Hotel",Accommodation & Food Services,1,4.0
Courtyard Gainesville,Gainesville,FL,29.62,-82.38617,"Hotels,Hotel",Accommodation & Food Services,4,4.0
Kangaroo Lake Resort,Baileys Harbor,WI,45.03515,-87.14832,"Resorts,Motels,Lodging,Hotels Motels,Hotel,Hotels & Motels",Accommodation & Food Services,1,5.0
Extended Stay America Washington D.C. - Fairfax,Fairfax,VA,38.87092,-77.36796,"Hotels,Corporate Lodging,Hotels-Apartment,Lodging,Motels,Hotel,Hotels & Motels,Hotels Motels",Accommodation & Food Services,2,4.0
Hampton Inn Roanoke/Hollins - I-81,Roanoke,VA,37.35629,-79.95644,"Hotels,Lodging,Corporate Lodging,Hotel",Accommodation & Food Services,1,4.0
Comfort Inn Ballston,Arlington,VA,38.885876,-77.11707,"Hotels,Lodging,Motels,Corporate Lodging,Hotel,Hotels Motels,Corporate Housing",Accommodation & Food Services,4,4.75
Hampton Inn Suites Greenville/Spartanburg I-85,Duncan,SC,34.91312,-82.1042,"Hotels,Lodging,Bed and Breakfast and Inns,Corporate Lodging,Hotels and motels,Hotel and motel reservations,Hotels Motels,Spa,Hotel",Accommodation & Food Services,3,4.666666666666667
Hotel Galaxy,Las Vegas,NV,36.09497,-115.18189,"Hotels,Lodging,Hotel",Accommodation & Food Services,1,3.0
Super 8 Forney,Forney,TX,32.75547,-96.46963,"Hotels,Lodging,Motels,Hotels Motels,Family-Friendly Hotels,Tourist Hotels,Business Hotels,Budget Hotels,Hotel",Accommodation & Food Services,2,3.5
Hampton Inn Suites California University-Pittsburgh,Coal Center,PA,40.09727,-79.8839,"Hotels,Lodging,Corporate Lodging,Hotel",Accommodation & Food Services,4,3.75
Best Western Plus Arlington North Hotel Suites,Grand Prairie,TX,32.78382,-97.06068,"Hotels,Lodging,Hotels and motels,Hotel",Accommodation & Food Services,4,4.5
Hampton Inn Erie-South,Erie,PA,42.04809,-80.08264,"Hotels,Lodging,Corporate Lodging,Hotels and motels,Hotel",Accommodation & Food Services,12,4.5
Holiday Inn Express & Suites Bloomington,Bloomington,IN,39.167097,-86.570891,"Hotel,Wedding Sites,Hotel & Motel Reservations,Accommodation Reservations,Hotels,Hotels & Motels,Accommodations & Lodging,Meeting Facilities,Motels",Accommodation & Food Services,5,4.2
Courtyard Annapolis,Annapolis,MD,38.977239,-76.551949,"Hotel,Travel,Luxury Hotels,Family-Friendly Hotels,Budget Hotels,Hotels & Motels,Lodging,Tourist Hotels,Boutique Hotels",Accommodation & Food Services,3,3.3333333333333335
Ojai Rancho Inn,Ojai,CA,34.4445,-119.2532,"Hotel,Hotels and motels,Hotels Motels,Travel Agencies",Accommodation & Food Services,1,5.0
Northgate Motel,Conrad,MT,48.17455,-111.94314,"Motels,Hotels,Lodging,Travel and Tourism,Hotel",Accommodation & Food Services,1,5.0
Quality Inn And Suites,Missoula,MT,46.90716,-114.03886,"Lodging,Motels,Hotels,Corporate Lodging,Hotels Motels,Hotel",Accommodation & Food Services,5,4.0
Best Western Plus Kelly Inn Suites,Billings,MT,45.75454,-108.53982,"Hotels,Lodging,Hotels Motels,Family-friendly Hotels,Budget Hotels,Business Hotels,Corporate Housing,Hotels & Motels,Hotel",Accommodation & Food Services,6,4.333333333333333
Boulder Creek Lodge Montana,Hall,MT,46.47089,-113.23608,"Motels,Hotels,Resorts,Lodging,Restaurants,Hotel",Accommodation & Food Services,1,4.0
Best Western Paradise Inn,Dillon,MT,45.22677,-112.62817,"Lodging,Hotels,Banquet Halls and Reception Facilities,Hotels Motels,Hotel",Accommodation & Food Services,2,5.0
Miles City Hotel Suites,Miles City,MT,46.39322,-105.82188,"Hotels,Hotel",Accommodation & Food Services,4,4.5
Best Western War Bonnet Inn,Miles City,MT,46.39883,-105.82296,"Hotels,Lodging,Hotels Motels,Family-friendly Hotels,Travel Agencies,Budget Hotels,Wholesale Motel Hotel Equipment,Business Hotels,Motel Hotel Consultants,Motels","Wholesale Trade,Accommodation & Food Services",3,4.333333333333333
Fairfield Inn Bozeman,Bozeman,MT,45.69862,-111.05039,"Hotels,Lodging,Corporate Lodging,Hotels Motels,Hotel",Accommodation & Food Services,2,3.0
Prairie Winds Motel,Ellendale,ND,46.00641,-98.52794,"Motels,Lodging,Hotels,Hotels and motels,Hotel",Accommodation & Food Services,1,5.0
Element Fargo,West Fargo,ND,46.85033,-96.88209,"Hotels,Lodging,Hotel and Motel Consultants,Hotels and motels,Hotel and motel reservations,Motels,Hotel",Accommodation & Food Services,1,5.0
Best Western Kelly Inn,Minot,ND,48.20631,-101.31634,"Hotel,Lodging,Hotels",Accommodation & Food Services,1,5.0
The Fargo Inn Suites,Fargo,ND,46.86508,-96.84595,"Bars,Casinos,Hotels,Motels,Hotels and motels,Hotel,Hotel Village West",Accommodation & Food Services,4,3.5
Waldo Arms Hotel,Kaktovik,AK,70.13362,-143.61252,"Hotels,Lodging,Motels,Hotel,Hotels (Except Casino Hotels) and Motels",Accommodation & Food Services,1,5.0
Greybull Motel,Greybull,WY,44.49223,-108.0557,"Motels,Hotels,Lodging,Hotels and motels,Hotels Motels,Hotels & Motels,Hotel",Accommodation & Food Services,3,4.333333333333333
Wheels Motel,Greybull,WY,44.50264,-108.05593,"Motels,Hotels,Lodging,Hotels Motels,Hotel,Hotels & Motels",Accommodation & Food Services,2,4.5
Comfort Inn Evansville-Casper,Evansville,WY,42.85444,-106.26659,"Hotels,Lodging,Motels,Hotel,Budget Hotels,Hotels & Motels",Accommodation & Food Services,7,4.428571428571429
Ponderosa Lodge,Red River,NM,36.70894,-105.40714,"Hotels,Resorts,Lodging,Hotel,Motels,Hotels Motels",Accommodation & Food Services,1,5.0
Terrace Towers Lodge,Red River,NM,36.711823,-105.41255,"Motels,Hotels,Lodging,Resorts,Hotel",Accommodation & Food Services,1,5.0
Chalet Moosehead Lakefront Motel,Greenville Junction,ME,45.488396,-69.63753,"Motels,Lodging,Hotel,Hotels",Accommodation & Food Services,1,5.0
The Cabins At Pinehaven,Beaver,WV,37.75158,-81.073105,"Hotels,Lodging,Tourist Hotels,Hotels Motels,Hotel",Accommodation & Food Services,1,5.0
Cotulla Motel,Cotulla,TX,28.43834,-99.23574,"Motels,Hotels,Lodging,Hotels Motels,Hotel",Accommodation & Food Services,1,5.0
Anglers Inn,Ashton,ID,44.07112,-111.45362,"Bed and Breakfast and Inns,Hotels,Lodging,Hotels Motels,Hotel",Accommodation & Food Services,1,2.0
Comfort Suites Alamo/River walk,San Antonio,TX,29.42667,-98.48081,"Hotels,Lodging,Motels,Hotel",Accommodation & Food Services,9,4.666666666666667
Hampton Inn Suites San Antonio-Downtown/Market Square,San Antonio,TX,29.42053,-98.4968,"Hotels,Hotel",Accommodation & Food Services,1,5.0
Best Western Plus Burleson Inn Suites,Burleson,TX,32.53912,-97.31124,"Hotels,Lodging,Hotel and motel mgmt.,Hotels and motels,Hotels Motels,Hotel",Accommodation & Food Services,2,3.5
Residence Inn Fort Worth Cultural District,Fort Worth,TX,32.74871,-97.35283,"Corporate Lodging,Hotels,Hotels-Apartment,Lodging,Hotels & Motels,Hotel",Accommodation & Food Services,4,4.0
Best Western Plus Springfield Airport Inn,Springfield,MO,37.21306,-93.37116,"Hotels,Lodging,Hotel,Event Planning",Accommodation & Food Services,3,4.333333333333333
Holiday Inn Express Hotel & Suites Defiance,Defiance,OH,41.31174,-84.36274,"Hotels and motels,Hotel and motel reservations,Hotels",Accommodation & Food Services,1,3.0
"Country Inn & Suites By Carlson, Athens, Ga",Athens,GA,33.9502,-83.4119,"Hotels and motels,Hotel and motel reservations,Hotels Motels,Budget Hotels,Family-friendly Hotels,Hotel and Motel,Hotels & Motels,Hotel,Motel",Accommodation & Food Services,4,4.5
Newark Garden Hotel,Newark,NY,43.04838,-77.09458,"Hotels,Lodging,Motels,Hotels Motels,Hotel,Hotel & Motel Consultants",Accommodation & Food Services,3,4.666666666666667
Home2 Suites by Hilton Canton,Canton,OH,40.85604,-81.41629,"Hotels,Lodging,Hotels and motels,Hotel,Motels",Accommodation & Food Services,2,5.0
Fairfield Inn & Suites Louisville Downtown,Louisville,KY,38.252922,-85.75175,"Hotel,Hotels",Accommodation & Food Services,8,3.625
TownePlace Suites Omaha West,Omaha,NE,41.2619,-96.083972,"Hotel,Motel,Hotels Motels,Luxury Hotels,Corporate Lodging,Hotels,Accommodations & Lodging,Lodging,Hotel West Omaha,Extended Stay Hotels,Motel and Hotel West Omaha,Vacation Packages,Motels,E-Commerce",Accommodation & Food Services,3,4.666666666666667
Hampton Baltimore/White Marsh,Nottingham,MD,39.37094,-76.46179,"Hotel,Hotels",Accommodation & Food Services,4,4.0
The Herrick Lodge,Union Dale,PA,41.76658,-75.48286,"Hotels,Lodging,Resorts,Motels,Hotels and motels,Hotel and motel reservations,Hotels Motels,Restaurant,Union Dale,Corporate Lodging,Union Dale Hotels,Pennsylvania (pa),Hotels & Motels,Hotel",Accommodation & Food Services,1,3.0
Comfort Inn Midtown,Tulsa,OK,36.09257,-95.9238,"Hotels,Lodging,Motels,Corporate Lodging,Hotel",Accommodation & Food Services,1,4.0
The Dunes On The Waterfront,Ogunquit,ME,43.25888,-70.59891,"Hotels,Lodging,Motels,Hotels and motels,Hotel and motel reservations,Hotel,Hotels Motels,Cottages Cabins,Hotel and Bed Breakfast",Accommodation & Food Services,2,5.0
Nordic Lodge,Sister Bay,WI,45.17957,-87.1482,"Resorts,Hotels,Motels,Lodging,Hotels Motels,Hotel,Hotels & Motels",Accommodation & Food Services,2,5.0
Maple Leaf Motel,Charlevoix,MI,45.307198,-85.2588,"Motels,Hotels,Hotel,Hotels & Motels",Accommodation & Food Services,2,4.5
Deer Trail Motel,Wisconsin Dells,WI,43.63441,-89.77094,"Motels,Lodging,Hotels and motels,Hotel",Accommodation & Food Services,1,5.0
Americas Best Value Inn Suites Carrollton,Carrollton,GA,33.59209,-85.04333,"Hotels,Lodging,Hotel",Accommodation & Food Services,2,3.5
Fairfield Inn Saginaw,Saginaw,MI,43.48216,-83.96853,"Lodging,Hotels,Corporate Lodging,Hotel,Hotels Motels",Accommodation & Food Services,5,4.6
Quality Inn North,Richmond,VA,37.63453,-77.4548,"Hotels,Corporate Lodging,Motels,Hotel",Accommodation & Food Services,2,1.0
Morristown Hotel Suites,Morristown,TN,36.200363,-83.338806,"Hotels,Lodging,Motels,Hotel",Accommodation & Food Services,1,1.0
"Country Inn Suites By Carlson, Richmond I-95 South",Richmond,VA,37.39994,-77.4274,"Hotels,Hotel",Accommodation & Food Services,3,3.6666666666666665
Le Merigot At Tropicana,Evansville,IN,37.97347,-87.58008,"Resorts,Casinos,Lodging,Hotels,Hotel",Accommodation & Food Services,1,3.0
Baymont Inn Suites Normal Bloomington,Normal,IL,40.53312,-88.99778,"Hotels,Lodging,Motels,Hotel,Hotels Motels",Accommodation & Food Services,1,1.0
Sheraton Kansas City Hotel at Crown Center,Kansas City,MO,39.08477,-94.58051,"Hotel,Hotels",Accommodation & Food Services,45,4.044444444444444
Fairfield Inn & Suites Spokane Downtown,Spokane,WA,47.66092,-117.40987,"Hotel,Hotels Motels,Hotels",Accommodation & Food Services,11,4.363636363636363
Wyndham Houston - Medical Center Hotel and Suites,Houston,TX,29.7072,-95.4044,"Hotel,Clinics,Hotels and motels,Hotel and motel reservations,Medical centers,Physicians information bureaus,Hotels Motels,Family-friendly Hotels,Tourist Hotels,Weekend Getaway Hotels,Luxury Hotels,Resorts,Beach Hotels,Budget Hotels,Lodging,Business Hotels,Hotel University Place,Hotels",Accommodation & Food Services,4,4.25
Red Lion Inn & Suites McMinnville,McMinnville,OR,45.2018,-123.16803,"Hotel,Hotels",Accommodation & Food Services,7,3.5714285714285716
Courtyard Las Vegas Convention Center,Las Vegas,NV,36.130257,-115.155525,"Hotel,Hotels Motels",Accommodation & Food Services,4,3.75
Best Western Cooper's Mill Hotel,Cedar Rapids,IA,41.97902,-91.67569,"Hotel,Hotels",Accommodation & Food Services,8,4.25
Hampton Inn & Suites St Louis at Forest Park,Saint Louis,MO,38.62996,-90.281,"Hotel,Hotels",Accommodation & Food Services,10,5.0
Blackwater Inn Milton,Milton,FL,30.61252,-86.95989,"Hotels,Hotel",Accommodation & Food Services,2,2.0
Holiday Inn Express Ramsey-Mahwah,Ramsey,NJ,41.071,-74.1392,"Hotel,Hotels Motels,Family-friendly Hotels,Tourist Hotels,Weekend Getaway Hotels,Resorts,Beach Hotels,Budget Hotels,Lodging,Business Hotels,Hotel and Meeting Room",Accommodation & Food Services,2,3.5
"Country Inn & Suites By Carlson, Rocky Mount, NC",Rocky Mount,NC,35.9791,-77.8473,"Hotel,Hotels Motels,Family-friendly Hotels,Tourist Hotels,Business Hotels,Budget Hotels,Hotels & Motels",Accommodation & Food Services,1,5.0
Doubletree by Hilton Hotel Reading,Reading,PA,40.335476,-75.9237,"Hotel,Hotels Motels,Wedding Sites,Meeting Facilities",Accommodation & Food Services,2,5.0
Shore Hotel,Santa Monica,CA,34.0124,-118.4961,"Resort,Hotels,Hotels Motels,Family-Friendly Hotels,Tourist Hotels,Weekend Getaway Hotels,Luxury Hotels,Business Hotels,Beach Hotels,Budget Hotels,Hotels and motels,Hotel and motel reservations,Hotel",Accommodation & Food Services,32,4.0625
Mohican Motel,Cooperstown,NY,42.69572,-74.93355,"Motels,Hotels,Lodging,Hotels Motels,Hotel",Accommodation & Food Services,1,3.0
Hilton Garden Inn Columbus/Grove City,Grove City,OH,39.88177,-83.04512,"Hotels,Lodging,Hotel,Hotels and motels",Accommodation & Food Services,11,4.090909090909091
Best Western Adena Inn,Chillicothe,OH,39.36006,-82.97827,"Hotels,Lodging,Hotels Motels,Hotel",Accommodation & Food Services,1,3.0
TownePlace Suites Seattle Everett/Mukilteo,Mukilteo,WA,47.92105,-122.30019,"Hotel,Hotels",Accommodation & Food Services,3,4.666666666666667
SpringHill Suites Paso Robles Atascadero,Atascadero,CA,35.52756,-120.70268,"Hotel,Hotels Motels,Hotels,Lodging,Motels",Accommodation & Food Services,1,5.0
Red Roof Inn Tallahassee,Tallahassee,FL,30.479883,-84.30708,"Hotel,Government Contractors,Hotels Motels,Family-friendly Hotels,Extended Stay,Tourist Hotels,Weekend Getaway Hotels,Budget Hotels,Business Hotels,Hotels",Accommodation & Food Services,9,3.2222222222222223
Pine Cone Motel,Willits,CA,39.39798,-123.35002,"Motels,Lodging,Hotels,Hotels and motels,Hotel",Accommodation & Food Services,1,3.0
Travel Inn,Ridgecrest,CA,35.61471,-117.6715,"Hotels,Lodging,Motels,Hotel",Accommodation & Food Services,1,3.0
Courtyard Houston Hobby Airport,Houston,TX,29.65579,-95.254195,"Hotel,Convention & Meeting Facilities & Services,Hotels",Accommodation & Food Services,2,2.5
Red Roof Inn Salem,Salem,NH,42.77919,-71.24128,"Hotels and motels,Hotel,Hotels Motels,Family-friendly Hotels,Extended Stay,Tourist Hotels,Weekend Getaway Hotels,Budget Hotels,Business Hotels",Accommodation & Food Services,1,4.0
Courtyard By Marriott Montvale,Montvale,NJ,41.05463,-74.07048,"Hotels and motels,Hotel and motel reservations,Hotels,Lodging,Motels,Corporate Lodging,Hotel",Accommodation & Food Services,6,4.0
Days Inn Wheelersburg Portsmouth,Wheelersburg,OH,38.724,-82.85906,"Hotels and motels,Hotels,Lodging,Motels,Hotel",Accommodation & Food Services,1,1.0
"Red Roof Inn Hagerstown Williamsport,",Williamsport,MD,39.6033,-77.8091,"Hotels and motels,Hotel and motel reservations,Hotels Motels,Family-Friendly Hotels,Business Hotels,Budget Hotels,Hotel,Hotels,Hotels & Motels",Accommodation & Food Services,3,3.0
Hotel Nichols,South Haven,MI,42.40455,-86.27374,"Hotels and motels,Hotels Motels,Hotels,Motels,Lodging,Hotel",Accommodation & Food Services,1,5.0
Holiday Inn Hotel & Suites Tampa North-busch Gardens Area,Tampa,FL,28.05204,-82.42633,"Hotels and motels,Hotels,Conference Room,Hotel,Meeting Room",Accommodation & Food Services,3,3.0
Orcas Suites At Rosario,Eastsound,WA,48.64759,-122.87083,"Hotels and motels,Hotels,Lodging,Hotel,Motels,B&bs / Inns",Accommodation & Food Services,2,5.0
Best Western Radford Inn,Radford,VA,37.12588,-80.53854,"Hotel and motel mgmt.,Hotels and motels,Lodging,Hotels,Hotels Motels,Hotel",Accommodation & Food Services,4,2.5
Red Roof Inn Rockford,Rockford,IL,42.2703,-88.9714,"Hotels and motels,Government Contractors,Hotel,Hotels Motels,Hotels",Accommodation & Food Services,8,3.625
Courtyard Oakland Airport,Oakland,CA,37.735054,-122.196815,"Hotel,Building,Hotels Motels",Accommodation & Food Services,1,5.0
Celina Motel,Celina,OH,40.54714,-84.57129,"Motels,Lodging,Hotels Motels,Hotel,Hotels",Accommodation & Food Services,1,5.0
Motel 6 Mason,Mason,OH,39.29647,-84.31937,"Hotels,Lodging,Motels,Hotel",Accommodation & Food Services,7,2.5714285714285716
Sea Shore Motel,Santa Monica,CA,34.00182,-118.483,"Motel,Motels,Hotels,Lodging,Hotel",Accommodation & Food Services,9,4.666666666666667
Comfort Suites Airport,Columbus,OH,39.99962,-82.89356,"Hotels,Lodging,Corporate Lodging,Motels,Hotel",Accommodation & Food Services,1,3.0
Super 8 Anderson,Anderson,IN,40.05478,-85.64918,"Lodging,Motels,Hotels and motels,Hotel,Hotels Motels",Accommodation & Food Services,1,5.0
Best Western Plus Hawthorne Terrace Hotel,Chicago,IL,41.944115,-87.645996,"Travel & Transport,Hotels & Motels,Hotel,Hotel Lake View East",Accommodation & Food Services,4,4.75
Best Western Designer Inn & Suites,Galena,IL,42.40687,-90.41977,"Travel & Transport,Hotels & Motels,Hotel,Hotels",Accommodation & Food Services,1,4.0
Comfort Inn Corydon,Corydon,IN,38.24331,-86.12626,"Hotels,Lodging,Corporate Lodging,Motels,Hotel,Hotels Motels,Budget Hotels,Business Hotels,Family-friendly Hotels",Accommodation & Food Services,1,4.0
Hotel Damici Ristorante,Calistoga,CA,38.57924,-122.57841,"Hotels,Restaurants,Restaurant,Italian,Italian restaurants,Hotel",Accommodation & Food Services,1,4.0
SpringHill Suites Chesapeake Greenbrier,Chesapeake,VA,36.7788,-76.24254,"Hotels,Lodging,Motels,Hotel",Accommodation & Food Services,1,4.0
Travelodge Inn And Suites Gardena CA,Gardena,CA,33.86182,-118.29887,"Hotels,Lodging,Motels,Hotels and motels,Hotel",Accommodation & Food Services,3,3.3333333333333335
Days Inn Fayetteville,Fayetteville,AR,36.0578,-94.19834,"Hotels,Lodging,Motels,Corporate Lodging,Hotel,Hotels Motels",Accommodation & Food Services,2,1.0
The Green Tree Inn,Elsah,IL,38.95378,-90.36155,"Hotels,Hotel,Travel & Transport,Bed & Breakfasts,Hotels & Motels",Accommodation & Food Services,3,5.0
Hampton Inn Bedford,Bedford,PA,40.04902,-78.51213,"Hotels,Lodging,Corporate Lodging,Hotels & Motels,Hotel",Accommodation & Food Services,2,4.0
Ramada Platte City KCI Airport,Platte City,MO,39.35104,-94.76145,"Hotels,Hotel,Hotels Motels",Accommodation & Food Services,7,3.142857142857143
Paola Best Western Htl,Paola,KS,38.56981,-94.85776,"Hotels,Lodging,Hotel,Bed & Breakfast & Inns,Motels,Hotels and Motels",Accommodation & Food Services,1,5.0
Hampton Inn & Suites Woodstock Va,Woodstock,VA,38.86851592,-78.52828032,"Hotels and motels,Hotel",Accommodation & Food Services,2,5.0
Theater Motel,Westfield,NY,42.33832,-79.55534,"Hotels and motels,Motels,Hotels,Lodging,Hotels Motels,Hotel",Accommodation & Food Services,3,3.3333333333333335
Hampton Inn & Suites Rosemont Chicago O'hare,Des Plaines,IL,41.99226,-87.86227,"Hotels and motels,Hotels,Lodging,Corporate Lodging,Hotel",Accommodation & Food Services,1,5.0
"The Siena Hotel, Autograph Collection",Chapel Hill,NC,35.9325,-79.032,"Hotels and motels,Hotels,Hotels Motels,Family-friendly Hotels,Tourist Hotels,Budget Hotels,Business Hotels,Hotel",Accommodation & Food Services,1,5.0
Baymont Inn & Suites Boone,Boone,IA,42.03567,-93.867,"Hotels and motels,Hotel,Hotels",Accommodation & Food Services,4,2.5
Red Roof Inn Flint-bishop Airport,Flint,MI,42.98943,-83.739,"Hotels and motels,Hotel,Hotels Motels,Hotels",Accommodation & Food Services,4,2.25
Days Inn Ames,Ames,IA,42.02065,-93.61084,"Hotels,Lodging,Motels,Hotels and motels,Hotel and motel reservations,Hotels Motels,Budget Hotels,Hotel,Hotels & Motels",Accommodation & Food Services,1,1.0
Apple Tree Inn,Indianola,IA,41.37268,-93.55905,"Hotels,Hotels Motels,Hotels and motels,Hotel",Accommodation & Food Services,1,3.0
El Toro Motel,San Luis Obispo,CA,35.28719,-120.66178,"Motels,Hotels,Lodging,Hotels and motels,Hotel and motel reservations,Hotels Motels,Hotel",Accommodation & Food Services,1,5.0
Residence Inn Macon,Macon,GA,32.90634,-83.68974,"Corporate Lodging,Hotels,Hotels-Apartment,Lodging,Hotel,Hotel and Meeting Room",Accommodation & Food Services,1,4.0
Argosy Casino Hotel Spa,Riverside,MO,39.16258,-94.62122,"Casinos,Restaurants,Hotels,Day Spas,Hotel",Accommodation & Food Services,1,3.0
Hampton Inn Suites Lansing West,Lansing,MI,42.7441,-84.66112,"Hotels,Lodging,Corporate Lodging,Hotel",Accommodation & Food Services,1,4.0
SpringHill Suites Atlanta Buckhead,Atlanta,GA,33.849064,-84.37302,"Hotel,Hotels Motels,Hotels & Motels",Accommodation & Food Services,2,4.0
Ponderosa Motel,Goldendale,WA,45.82375,-120.81071,"Motels,Hotels,Lodging,Hotel,B&bs / Inns",Accommodation & Food Services,2,4.0
Quality Inn Suites At Olympic National Park,Sequim,WA,48.07519,-123.13643,"Hotels,Motels,Corporate Lodging,Hotel",Accommodation & Food Services,1,5.0
Hyatt Place San Antonio-Northwest/Medical Center,San Antonio,TX,29.538499,-98.567198,"Hotel,Hotels",Accommodation & Food Services,9,4.222222222222222
Ramada Costa Mesa/Newport Beach,Costa Mesa,CA,33.635284,-117.92447,"Hotel,Motel,Hotels",Accommodation & Food Services,1,5.0
Motel 6 Lawrence Ks,Lawrence,KS,38.99078,-95.23017,"Hotels,Lodging,Motels,Hotel",Accommodation & Food Services,4,2.0
Log Cabin Motel,Salina,KS,38.84859,-97.62172,"Hotels,Lodging,Motels,Hotels Motels,Hotel",Accommodation & Food Services,1,3.0
Americas Best Value Inn - Greeley/Evans,Evans,CO,40.38449,-104.69045,"Hotels,Lodging,Motels,Hotel",Accommodation & Food Services,1,1.0
Best Western Empire Towers,Sioux Falls,SD,43.515397,-96.776096,"Hotel,Hotels Motels,Hotels & Motels",Accommodation & Food Services,6,3.6666666666666665
Hampton Inn Suites Oklahoma City Airport,Oklahoma City,OK,35.44836,-97.59717,"Hotels,Lodging,Corporate Lodging,Hotels and motels,Hotel,hotels & motels",Accommodation & Food Services,4,4.5
Days Inn Princeton,Princeton,IL,41.392876,-89.46686,"Hotels,Lodging,Motels,Hotel,Hotels Motels,Travel & Transport,Hotels & Motels",Accommodation & Food Services,2,1.5
Dolphyn Motel,Hampton,NH,42.91079,-70.81308,"Hotels and motels,Motels,Lodging,Hotels,Hotel",Accommodation & Food Services,1,1.0
Best Western Markland Hotel,Monterey Park,CA,34.035,-118.1171,"Hotel and motel mgmt.,Hotels and motels,Hotel and motel reservations,Hotels Motels,Hotels,Lodging,Hotel",Accommodation & Food Services,2,3.5
Birchwood Motel,Birchwood,WI,45.65921,-91.54932,"Motels,Lodging,Hotels,Hotel",Accommodation & Food Services,2,3.5
Indian Trail Motel,Wisconsin Dells,WI,43.62829,-89.76244,"Motels,Lodging,Hotels,Resorts,Hotels and motels,Hotels Motels,Budget Hotels,Hotel",Accommodation & Food Services,2,5.0
Hampton Inn Bremen-I-20 (Carrollton Area),Bremen,GA,33.68824,-85.15169,"Hotels,Lodging,Corporate Lodging,Hotel",Accommodation & Food Services,1,2.0
Pilot House Inn,Topping,VA,37.59895,-76.44419,"Lodging,Motels,Hotels,Hotel",Accommodation & Food Services,1,2.0
Hampton Inn Waynesboro/Stuarts Draft,Fishersville,VA,38.08516,-78.98658,"Hotels,Lodging,Corporate Lodging,Hotel",Accommodation & Food Services,2,4.5
Best Western Plus Inn at Valley View,Roanoke,VA,37.30901,-79.97067,"Hotels,Lodging,Hotels Motels,Hotel,Travel and Tourism,Motels",Accommodation & Food Services,5,4.6
Hampton Inn Suites Lynchburg,Lynchburg,VA,37.3338,-79.1907,"Hotels,Lodging,Corporate Lodging,Hotel",Accommodation & Food Services,3,4.666666666666667
M-Star Cedar City,Cedar City,UT,37.67414,-113.06217,"Hotels,Hotel,Travel and Tourism",Accommodation & Food Services,3,4.0
The Wilderness Inn,Enterprise,OR,45.42685,-117.28027,"Lodging,Motels,Hotels,Hotels Motels,Hotel",Accommodation & Food Services,1,4.0
Tall Winds Motel,Moro,OR,45.48265,-120.73244,"Hotels,Motels,Lodging,Hotel",Accommodation & Food Services,1,5.0
Best Western Skyline Motor Lodge,Lakeview,OR,42.19361,-120.34695,"Lodging,Hotels,Corporate Housing,Hotels Motels,Hotels & Motels,Hotel",Accommodation & Food Services,2,4.5
Klondike Motel,Republic,WA,48.64944,-118.73789,"Hotels,Lodging,Motels,Hotels Motels,Hotel,Hotels & Motels",Accommodation & Food Services,1,5.0
Comfort Inn North,Medford,OR,42.35323,-122.87268,"Hotels,Lodging,Corporate Lodging,Motels,Hotel,Family-Friendly Hotels,Budget Hotels,Hotels & Motels,Business Hotels,Tourist Hotels,Travel Agencies",Accommodation & Food Services,2,3.0
Courtyard by Marriott Medford Airport,Medford,OR,42.36973,-122.87769,"Hotels,Lodging,Corporate Lodging,Motels,Hotel",Accommodation & Food Services,1,4.0
Wild River Inn,Grants Pass,OR,42.46297,-123.32209,"Hotels,Hotel,Travel and Tourism,Motels,Hotels and Lodging",Accommodation & Food Services,2,1.0
Hilton Garden Inn Jacksonville Downtown Southbank,Jacksonville,FL,30.3124,-81.65269,"Hotels,Lodging,Hotels and motels,Hotel",Accommodation & Food Services,6,4.333333333333333
Huddle Bay Motel Cottages,Bolton Landing,NY,43.57664,-73.671394,"Hotels,Cottages,Hotels Motels,Resorts,Hotel",Accommodation & Food Services,1,4.0
Laura Lodge,Coalinga,CA,36.1382,-120.35749,"Motels,Hotels,Resorts,Lodging,Hotels Motels,Hotels and motels,Hotel",Accommodation & Food Services,2,3.5
Gateway Inn,Red Bluff,CA,40.16859,-122.22747,"Hotels,Lodging,Motels,Hotels Motels,Hotel",Accommodation & Food Services,1,1.0
Best Western Beacon Inn,Grand Haven,MI,43.04699,-86.22058,"Hotels,Lodging,Corporate Housing,Hotels Motels,Hotel",Accommodation & Food Services,2,5.0
Americas Best Value Inn Mackinaw City,Mackinaw City,MI,45.76926,-84.73103,"Hotels,Lodging,Motels,Hotel",Accommodation & Food Services,2,4.5
Crossland Economy Studios Shreveport - Bossier City,Bossier City,LA,32.52805,-93.69846,"Hotels,Lodging,Corporate Lodging,Hotels-Apartment,Motels,Hotel",Accommodation & Food Services,1,4.0
Hampton Inn Memphis/Southaven,Southaven,MS,34.96276,-89.99557,"Hotels,Lodging,Corporate Lodging,Hotel",Accommodation & Food Services,4,4.5
Comfort Inn Lucky Lane,Flagstaff,AZ,35.19401,-111.62005,"Lodging,Motels,Corporate Lodging,Hotels,Hotel",Accommodation & Food Services,3,3.6666666666666665
Teal Point Resort,Mountain Home,AR,36.38562,-92.28081,"Resorts,Lodging,Hotels Motels,Hotel",Accommodation & Food Services,1,5.0
Klondike Ranch,Buffalo,WY,44.1997,-106.78294,"Resorts,Lodging,Hotels Motels,Guest Ranches,Hotel,Hotels & Motels",Accommodation & Food Services,1,5.0
Residence Inn Nashville Brentwood,Brentwood,TN,36.03132,-86.80034,"Hotel,Motel,Hotels & Motels",Accommodation & Food Services,2,3.5
Holiday Inn Express & Suites Sioux Falls At Empire Mall,Sioux Falls,SD,43.521307,-96.775442,"Hotel,Lodging,Hotels,Wedding Sites,Family-Friendly Hotels,Hotels & Motels,Budget Hotels,Beach Hotels,Business Hotels,Resorts,Tourist Hotels,Weekend Getaway Hotels,Meeting Facilities",Accommodation & Food Services,5,4.8
Wyndham Garden San Jose Silicon Valley,San Jose,CA,37.247807,-121.77403,"Hotel,Hotels and motels,Hotels",Accommodation & Food Services,9,3.5555555555555554
Residence Inn Tysons Corner,Vienna,VA,38.92966,-77.248634,"Hotel,Extended Stay,Hotels & Motels",Accommodation & Food Services,4,4.25
Residence Inn Cincinnati Airport,Erlanger,KY,39.05286,-84.63176,"Hotel,Hotels And Motels",Accommodation & Food Services,1,2.0
Red Roof Inn - Richmond South,Richmond,VA,37.46498,-77.42698,"Hotels,Hotel",Accommodation & Food Services,10,3.8
Tokeland Hotel,Tokeland,WA,46.70786,-123.98496,"Hotel,Hotels",Accommodation & Food Services,4,3.25
Radisson Hotel Freehold,Freehold,NJ,40.247444,-74.29787,"Hotels,Hotel",Accommodation & Food Services,18,4.277777777777778
The Cedars Motel,Saint Ignace,MI,45.902782,-84.73701,"Hotel,Hotels,Motels,Lodging",Accommodation & Food Services,1,5.0
The Bay Motel,Superior,WI,46.72153,-92.07006,"Hotel,Motels,Hotels,Lodging",Accommodation & Food Services,1,4.0
The Bunkhouse Inn,Augusta,MT,47.49401,-112.39062,"Hotel,Hotels Motels,Motels,Lodging",Accommodation & Food Services,2,5.0
Sunrise Inn,Cooper Landing,AK,60.48985,-149.82098,"Hotel,Hotels,Motels,Lodging,Restaurants,Hotels Motels,Cooper Landing Ak",Accommodation & Food Services,1,4.0
Sonoran Suites of San Diego,Vista,CA,33.17071,-117.2255,"Hotel,Hotels",Accommodation & Food Services,3,5.0
Milwaukee Airport Inn,Milwaukee,WI,42.96002,-87.93687,"Hotel,Hotels",Accommodation & Food Services,6,1.8333333333333333
Microtel Inn by Wyndham Henrietta/Rochester,Henrietta,NY,43.058216,-77.65022,"Hotel,Hotels",Accommodation & Food Services,8,2.875
Microtel Inn & Suites Orlando (Universal Studios),Orlando,FL,28.45255,-81.46749,"Hotel,Hotels",Accommodation & Food Services,15,3.3333333333333335
Little Creel Resort,Chama,NM,36.872215,-106.58516,"Hotel,Outdoors,Bed & Breakfasts,Hotels & Motels,Campgrounds",Accommodation & Food Services,1,5.0
Lake Pleasant Lodge,Speculator,NY,43.49605,-74.36086,"Hotel,Hotels and motels,Resorts,Hotels Motels,Hotels & Motels",Accommodation & Food Services,1,5.0
La Quinta Inn Roanoke Salem,Salem,VA,37.321552,-80.03204,"Hotels,Hotel",Accommodation & Food Services,12,4.083333333333333
La Fon Motel,Manitou Springs,CO,38.85756,-104.89322,"Hotel,Hotels and motels,Hotel and motel reservations,Hotels,Lodging,Motels",Accommodation & Food Services,5,2.4
La Conner Country Inn,La Conner,WA,48.392075,-122.49484,"Hotel,Hotels",Accommodation & Food Services,3,4.333333333333333
Downsville Motel,Downsville,NY,42.04168,-75.02345,"Hotel,Motels,Hotels,Lodging",Accommodation & Food Services,1,4.0
"Jensen's ""On the Gulf""",Captiva,FL,26.51793,-82.19204,"Hotel,Resorts,Hotels Motels,Hotels & Motels,Travel & Transport",Accommodation & Food Services,3,4.666666666666667
Courtyard Seattle Federal Way,Federal Way,WA,47.315853,-122.299644,"Hotel,Hotels Motels,Lodging",Accommodation & Food Services,4,4.25
The London West Hollywood at Beverly Hills,West Hollywood,CA,34.09003,-118.38541,"Hotel,Hotels Motels,Luxury Hotels,Hotels & Motels",Accommodation & Food Services,1,4.0
Courtyard Newport News Airport,Newport News,VA,37.114094,-76.50578,"Hotel,Hotels Motels",Accommodation & Food Services,2,5.0
Courtyard Rockaway-Mt. Arlington,Mount Arlington,NJ,40.89989,-74.63469,"Hotel,Hotels Motels",Accommodation & Food Services,2,4.0
Courtyard Cleveland Beachwood,Beachwood,OH,41.45884,-81.4874,"Hotel,Hotels Motels",Accommodation & Food Services,1,5.0
Courtyard by Marriott Westbury Long Island,Westbury,NY,40.745007,-73.58876,"Hotel,Hotels Motels,Meeting Facilities",Accommodation & Food Services,1,5.0
Best Western Silver Fox Inn,Waterville Valley,NH,43.948467,-71.505104,"Hotel,Lodging,Hotels,Hotels Motels,Motels",Accommodation & Food Services,3,4.666666666666667
Best Western Sawmill Inn,Heber,AZ,34.426613,-110.58548,"Hotel,Hotels Motels",Accommodation & Food Services,1,5.0
Caboose Motel,Titusville,PA,41.624416,-79.67749,"Hotel,Hotels and motels,Hotel and motel reservations,Hotels Motels,Motels,Hotels,Lodging,Titusville Pa",Accommodation & Food Services,1,4.0
Carroll House,Fullerton,ND,46.16217,-98.42703,"Hotel,Hotels,Fullerton Nd",Accommodation & Food Services,1,5.0
SpringHill Suites Phoenix Chandler/Fashion Center,Chandler,AZ,33.306564,-111.897606,"Hotel,Hotels-Apartment,Corporate Lodging,Hotels,Lodging,Motels",Accommodation & Food Services,2,5.0
Best Western Plus Williston Hotel & Suites,Williston,ND,48.18328,-103.62949,"Hotel,Hotels Motels",Accommodation & Food Services,1,5.0
Baymont Inn & Suites Pueblo,Pueblo,CO,38.30646,-104.6112,"Hotel,Hotels Motels,Hotels",Accommodation & Food Services,5,3.8
Americas Best Value Inn - Executive Suite Airport,Anchorage,AK,61.18119,-149.93788,"Hotel,Hotels",Accommodation & Food Services,10,2.6
Culver Cove Resort,Culver,IN,41.21639,-86.42251,"Hotel,Hotels",Accommodation & Food Services,2,2.5
Hostelling International Truro,Truro,MA,42.001747,-70.024864,"Hotel,Hotels,Lodging,Motels",Accommodation & Food Services,1,4.0
Bear Creek Lodge,Cass,WV,38.396343,-79.91434,"Hotel,Motels,Hotels,Resorts,Lodging",Accommodation & Food Services,1,4.0
Inn Der Bach Resort,Big Bear City,CA,34.26359,-116.81884,"Hotel,Hotels,Lodging,Resorts",Accommodation & Food Services,3,1.3333333333333333
Indian Lodge,Fort Davis,TX,30.592897,-103.9436,"Hotel,Resorts,Parks,Restaurants,Hotels",Accommodation & Food Services,1,4.0
Holliday inn Folly Beach,Folly Beach,SC,32.65476,-79.94238,"Hotel,hotels & motels,travel,Hotels and Motels,hotels",Accommodation & Food Services,1,4.0
Hollywood Inn Express South,Los Angeles,CA,34.068027,-118.27014,"Hotel,Hotels",Accommodation & Food Services,8,2.25
Hampton Inn Ashtabula,Austinburg,OH,41.783825,-80.85764,"Hotel,Hotels Motels",Accommodation & Food Services,1,4.0
Harbor Resort,Westport,WA,46.911793,-124.11028,"Hotel,Hotels",Accommodation & Food Services,2,3.5
Hampton Inn Springfield,Springfield,OH,39.894577,-83.81426,"Hotel,Hotels,Lodging,Corporate Lodging",Accommodation & Food Services,5,4.6
Hampton Inn Springfield South,Springfield,MO,37.154762,-93.261314,"Hotel,Hotels Motels",Accommodation & Food Services,1,5.0
Hampton Inn & Suites Big Spring,Big Spring,TX,32.262257,-101.49201,"Hotel,Hotels Motels",Accommodation & Food Services,1,5.0
Grand Coulee Center Lodge,Grand Coulee,WA,47.937267,-119.00316,"Hotel,Motels,Lodging,Hotels",Accommodation & Food Services,3,3.6666666666666665
Hampton Inn Columbus/South-Fort Benning,Columbus,GA,32.394726,-84.95484,"Hotel,Hotels Motels",Accommodation & Food Services,10,4.8
Motel 6 Norfolk,Norfolk,VA,36.85265,-76.21203,"Hotels,Lodging,Motels,Hotel",Accommodation & Food Services,2,3.0
Hampton Inn Suites Blythe,Blythe,CA,33.6062,-114.56938,"Hotels,Lodging,Corporate Lodging,Hotels and motels,Hotel and motel reservations,Hotel",Accommodation & Food Services,2,4.5
Ramona Lake Cabins,Red Feather Lakes,CO,40.800117,-105.58694,"Cabins and Chalets,Hotels,Resorts,Hotel",Accommodation & Food Services,1,4.0
Country Vintage Inn,Osawatomie,KS,38.49181,-94.94932,"Hotels,Lodging,Motels,Hotels Motels,Hotels & Motels,Hotel",Accommodation & Food Services,3,4.333333333333333
Clubhouse Oakbrook Inn & Suites,Westmont,IL,41.812249,-87.950818,"Hotel,Hotels and motels,Hotel and motel reservations,Hotels",Accommodation & Food Services,6,3.8333333333333335
My Place Suites,Wickenburg,AZ,33.9652,-112.73532,"Hotels,Lodging,Motels,Hotel",Accommodation & Food Services,1,5.0
Cobblestone Hotel Suites,Seward,NE,40.88648,-97.10204,"Hotels,Lodging,Motels,Hotels Motels,Hotel,Hotels & Motels",Accommodation & Food Services,2,5.0
Salem Motel,Salem,IN,38.61008,-86.11781,"Motels,Hotels,Lodging,Hotels Motels,Motel Hotel Consultants,Wholesale Motel Hotel Equipment,Hotels & Motels,Motel & Hotel Consultants,Wholesale Motel & Hotel Equipment,Hotels and Motels","Wholesale Trade,Accommodation & Food Services",2,3.0
Best Western Danville Inn,Danville,PA,40.99384,-76.64061,"Hotels,Lodging,Hotel,Hotels Motels",Accommodation & Food Services,7,3.7142857142857144
Park Lane Motel,Lake George,NY,43.42851,-73.71063,"Motels,Hotels,Lodging,Hotels and motels,hotel",Accommodation & Food Services,1,5.0
Days Inn Jackson,Jackson,OH,39.03629,-82.6269,"Hotels,Lodging,Motels,Hotels Motels,Budget Hotels,Hotels & Motels,Hotel",Accommodation & Food Services,2,3.0
Best Western Mt. Vernon Inn,Mount Vernon,MO,37.0977,-93.79666,"Hotels,Lodging,Hotel",Accommodation & Food Services,1,5.0
Best Western Marble Falls Inn,Marble Falls,TX,30.58338,-98.27234,"Hotels,Lodging,Corporate Housing,Hotels Motels,Hotel",Accommodation & Food Services,1,4.0
Hampton Inn Suites Lavonia,Lavonia,GA,34.4463,-83.1284,"Hotels,Lodging,Corporate Lodging,Hotels and motels,Hotel and motel reservations,Hotel,Hotels & Motels",Accommodation & Food Services,1,5.0
Bluewater Inn And Suites,Grand Haven,MI,43.054,-86.2448,"Hotels and motels,Hotels Motels,Hotel",Accommodation & Food Services,1,5.0
Clevedale Historic Inn And Gardens,Spartanburg,SC,34.932408,-82.0298399,"Hotels and motels,Hotel",Accommodation & Food Services,1,5.0
Hampton Inn & Suites Rochester/Victor,Victor,NY,43.02184,-77.43977,"Hotel,Hotels",Accommodation & Food Services,4,4.75
Best Western The Inn At Rochester Airport,Rochester,NY,43.1317,-77.6669,"Hotel,Hotels Motels,Lodging,Corporate Housing",Accommodation & Food Services,6,3.0
Blue Haven Motor Court,Saco,ME,43.55478,-70.4019,"Hotels,Lodging,Hotels and motels,Motels,Hotel",Accommodation & Food Services,1,4.0
Best Western Fort Lauderdale Airport/Cruise Port,Fort Lauderdale,FL,26.09218,-80.15757,"Hotel,Lodging,Hotels,Hotels Motels",Accommodation & Food Services,19,3.789473684210526
Red Roof Plus+ Wilmington - Newark,Newark,DE,39.690807,-75.655461,"Hotel,Hotels and motels,Motel,Hotels Motels,Family-friendly Hotels,Business Hotels,Budget Hotels,Hotels",Accommodation & Food Services,5,2.2
Best Western Plus Eau Claire Conference Center,Eau Claire,WI,44.78551,-91.5288,"Hotels,Lodging,Banquet Halls and Reception Facilities,Hotels Motels,Hotel",Accommodation & Food Services,4,4.0
Hampton Inn Indianola,Indianola,MS,33.457153,-90.665085,"Lodging,Corporate Lodging,Hotels,Hotel",Accommodation & Food Services,1,5.0
"My Place Hotel-Billings, MT",Billings,MT,45.75419,-108.53346,"Hotels,Lodging,Motels,Hotels Motels,Hotel",Accommodation & Food Services,1,5.0
Fairfield Inn Great Falls,Great Falls,MT,47.49504,-111.28957,"Hotels,Lodging,Corporate Lodging,Hotel",Accommodation & Food Services,4,4.25
Wilderness Lodge,Lesterville,MO,37.482002,-90.842545,"Hotels,Lodging,Resorts,Restaurants,Hotel",Accommodation & Food Services,3,5.0
Red Cedar Lodge,Bonne Terre,MO,37.90469,-90.51503,"Hotels,Motels,Lodging,Hotels and motels,Hotel",Accommodation & Food Services,2,1.0
Extended Stay America Destin - US 98 - Emerald Coast Pkwy.,Destin,FL,30.38722,-86.40029,"Hotels,Lodging,Corporate Lodging,Hotels-Apartment,Motels,Hotels & Motels,Hotel",Accommodation & Food Services,2,4.5
Hampton Inn Lacrosse/Onalaska,Onalaska,WI,43.87766,-91.18924,"Hotels,Lodging,Corporate Lodging,Hotel",Accommodation & Food Services,3,4.333333333333333
Hampton Inn Orange City,Orange City,IA,42.99747,-96.04583,"Hotels,Lodging,Corporate Lodging,Hotel",Accommodation & Food Services,1,5.0
Americas Best Value Inn Suburban Motel,Emmetsburg,IA,43.12224,-94.69949,"Hotels,Lodging,Motels,Hotel",Accommodation & Food Services,1,4.0
New Victorian Inn Suites Sioux City,Sioux City,IA,42.43638,-96.36794,"Corporate Lodging,Hotels,Lodging,Hotel",Accommodation & Food Services,2,4.5
Courtyard Indianapolis Castleton,Indianapolis,IN,39.9297,-86.0624,"Hotel,Hotels Motels",Accommodation & Food Services,1,4.0
Hampton Inn & Suites Grand Rapids Downtown,Grand Rapids,MI,42.971134,-85.655365,"Hotels and motels,Hotel,Hotels,Corporate Lodging,Lodging",Accommodation & Food Services,1,5.0
SpringHill Suites Naples,Naples,FL,26.161492,-81.684787,"Hotel,Resort,Hotels & Motels",Accommodation & Food Services,6,4.666666666666667
Cedar Falls Motel,Morrilton,AR,35.13015,-92.89413,"Motels,Hotels,Lodging,Hotel,Hotels Motels",Accommodation & Food Services,1,4.0
Hampton Inn Suites Springdale,Springdale,AR,36.17125,-94.18552,"Hotels,Lodging,Corporate Lodging,Hotel",Accommodation & Food Services,1,5.0
Best Western Of Hope,Hope,AR,33.68434,-93.61175,"Hotels,Lodging,Hotels Motels,Motels,Hotel",Accommodation & Food Services,1,5.0
Park Place Inn,Jonesboro,AR,35.82745,-90.67876,"Lodging,Hotels Motels,Hotels,Hotel",Accommodation & Food Services,1,1.0
Ramada Limited - Port Allen,Port Allen,LA,30.44533,-91.24407,"Hotels,Hotel",Accommodation & Food Services,1,3.0
Days Inn Kokopelli Sedona,Sedona,AZ,34.78167,-111.76244,"Lodging,Hotels,Motels,Hotels Motels,Bed Breakfasts,Hotels & Motels,Hotel",Accommodation & Food Services,4,3.5
Scotty's Motel,Munising,MI,46.40707,-86.6519,"Motels,Hotels,Lodging,Hotels and motels,Hotels Motels,Hotel",Accommodation & Food Services,2,3.0
Fairfield Inn and Suites Ashland,Ashland,KY,38.397175,-82.71136,"Hotel,Hotels And Motels",Accommodation & Food Services,4,4.5
Hilton Garden Inn Fayetteville,Fayetteville,AR,36.08009,-94.20217,"Lodging,Hotels,Hotels Motels,Hotels and motels,Hotel",Accommodation & Food Services,4,5.0
Fairfield Inn and Suites North Platte,North Platte,NE,41.113922,-100.76719,"Hotel,Corporate Lodging,Hotels,Lodging",Accommodation & Food Services,1,3.0
Trails End Motel,Wisconsin Dells,WI,43.627487,-89.761345,"Motels,Lodging,Hotels,Hotels and motels,Hotel",Accommodation & Food Services,1,4.0
Courtyard Chicago Deerfield,Deerfield,IL,42.154083,-87.84717,"Hotel,Hotels Motels,Travel & Transport,Hotels & Motels",Accommodation & Food Services,1,1.0
Turner Falls Inn,Davis,OK,34.14215,-97.11329,"Hotels,Lodging,Motels,Hotel",Accommodation & Food Services,2,2.5
Crossland Economy Studios Tacoma - Puyallup,Puyallup,WA,47.208492,-122.29389,"Hotels,Motels,Corporate Lodging,Hotels-Apartment,Lodging,Hotel",Accommodation & Food Services,1,5.0
Heritage Inn,Searcy,AR,35.2486,-91.7278,"Hotels,Motels,Lodging,Hotel,Hotels Motels,Travel and Tourism",Accommodation & Food Services,1,4.0
Larkspur Landing Renton,Renton,WA,47.46391,-122.21961,"Hotels and motels,Hotel",Accommodation & Food Services,3,4.666666666666667
Red Roof Inn & Suites Muskegon Heights,Muskegon,MI,43.18893,-86.23799,"Hotels,Hotel,Hotels and motels",Accommodation & Food Services,11,2.5454545454545454
Hampton Inn & Suites Tampa Northwest/oldsmar,Oldsmar,FL,28.03667,-82.65676,"Hotels and motels,Hotels,Lodging,Corporate Lodging,Hotel",Accommodation & Food Services,5,4.6
Austin Motel,Austin,TX,30.2518,-97.749,"Hotels and motels,Hotels,Hotels Motels,Tourist Hotels,Boutique Hotels,Budget Hotels,Hotel,Motel Bouldin Creek,Motel",Accommodation & Food Services,2,4.5
Best Western Fostoria Inn Suites,Fostoria,OH,41.18055,-83.41996,"Hotels,Lodging,Hotel",Accommodation & Food Services,2,4.5
South Congress Hotel,Austin,TX,30.247455,-97.750463,"Hotels and motels,Hotel and motel reservations,Hotels Motels,Hotel,Hotels",Accommodation & Food Services,2,4.5
Famous Shores Motel,Daytona Beach,FL,29.14367,-80.96562,"Hotels and motels,Motels,Lodging,Hotels,Hotel",Accommodation & Food Services,1,4.0
Best Western Canal Winchester Inn - Columbus South East,Canal Winchester,OH,39.8524,-82.83008,"Hotels,Lodging,Hotels Motels,Hotel",Accommodation & Food Services,5,3.6
Foothills Motel,Dover Plains,NY,41.74527,-73.58454,"Motels,Hotels,Lodging,Hotels and motels,Hotel,B&bs / Inns",Accommodation & Food Services,2,3.0
Days Inn Perry Near Fairgrounds,Perry,GA,32.47026,-83.74621,"Hotels,Hotel",Accommodation & Food Services,2,2.0
Microtel Inn Suites by Wyndham Prairie du Chien,Prairie du Chien,WI,43.02974,-91.13097,"Lodging,Hotels,Hotels Motels,Hotel,Hotels & Motels",Accommodation & Food Services,6,4.0
Chase Suite Hotel Tampa,Tampa,FL,27.969898,-82.56264,"Hotel,Hotels and motels,Corporate Lodging,Hotels,Lodging,Motels,Hotel Village of Tampa",Accommodation & Food Services,12,2.75
Best Western Plus Executive Suites,Albuquerque,NM,35.1338,-106.6077,"Hotel,Hotels Motels,Lodging,Budget Hotels,Business Hotels,Family-friendly Hotels",Accommodation & Food Services,8,4.375
Crescent Suites & Hotel,Waltham,MA,42.3643,-71.24418,"Hotels and motels,Hotel South Side,Travel and Tourism,Hotel",Accommodation & Food Services,1,5.0
Pelican Post Motel,Bradenton Beach,FL,27.466,-82.6973,"Hotels and motels,Hotels Motels,Motels,Lodging,Hotel",Accommodation & Food Services,2,5.0
Hilton Garden Inn Harrisburg East,Harrisburg,PA,40.25105,-76.81864,"Hotels and motels,Hotels,Lodging,Hotel",Accommodation & Food Services,10,4.1
Granby Motel,Granby,MA,42.243,-72.55,"Hotels and motels,Hotels Motels,Motels,Lodging,Hotels,Hotel",Accommodation & Food Services,1,1.0
Hampton Inn & Suites Indianapolis/brownsburg,Brownsburg,IN,39.86117,-86.39668,"Hotels and motels,Hotels,Lodging,Corporate Lodging,Hotel",Accommodation & Food Services,4,4.25
Comfort Inn Suites West - Medical Center,Rochester,MN,44.04536,-92.51896,"Hotels,Lodging,Motels,Hotels Motels,Travel and Tourism,Hotel",Accommodation & Food Services,1,5.0
Americas Best Value Inn Clear Lake,Clear Lake,IA,43.14796,-93.3574,"Hotels,Lodging,Motels,Hotel",Accommodation & Food Services,2,2.5
Best Western Mt. Pleasant Inn,Mount Pleasant,IA,40.97704,-91.53733,"Hotels,Lodging,Corporate Housing,Hotels Motels,Motels,Hotel",Accommodation & Food Services,3,4.0
Stonersville Hotel,Birdsboro,PA,40.3167,-75.8044,"Hotels and motels,Hotel and motel reservations,Restaurants,Hotels Motels,Lodging,Motels,Restaurant,Hotel,Hotels,Birdsboro Restaurants",Accommodation & Food Services,1,4.0
Best Western Plus Deridder Inn & Suites,DeRidder,LA,30.8644,-93.2873,"Hotel and motel mgmt.,Hotels and motels,Hotels Motels,Lodging,Family-friendly Hotels,Budget Hotels,Business Hotels,Corporate Housing,Hotels & Motels,Hotel",Accommodation & Food Services,1,4.0
Super 8 Crawfordsville,Crawfordsville,IN,40.0773,-86.9033,"Hotels and motels,Hotels Motels,Budget Hotels,Hotel,Hotels,Hotels & Motels",Accommodation & Food Services,7,2.4285714285714284
Best Western Cantebury Inn & Suites,Coralville,IA,41.67948,-91.56688,"Hotel and motel mgmt.,Hotels and motels,Hotel,Hotels,Lodging,Restaurants,Motels",Accommodation & Food Services,2,2.0
Best Western Plus Lake County Inn & Suites,Tavares,FL,28.82072,-81.7137,"Hotel and motel mgmt.,Hotels and motels,Hotel,Hotels Motels,Hotels,Lodging",Accommodation & Food Services,4,4.5
Comfort Suites Kings Bay Naval Base Area,Kingsland,GA,30.79039,-81.65359,"Hotels,Motels,Lodging,Hotels and motels,Hotel and motel reservations,Hotels Motels,Hotels & Motels,Hotel",Accommodation & Food Services,6,3.1666666666666665
Comfort Inn Suites Savannah Airport,Savannah,GA,32.141,-81.23495,"Hotels,Lodging,Motels,Corporate Lodging,Hotel",Accommodation & Food Services,1,5.0
Working Girls Hotel,Pendleton,OR,45.67062,-118.78643,"Hotels,Hotel",Accommodation & Food Services,1,5.0
Tyee Motel,Rufus,OR,45.69596,-120.73317,"Motels,Hotels-Apartment,Corporate Lodging,Hotels,Hotel,Lodging",Accommodation & Food Services,1,5.0
Golden West Motel,Klamath Falls,OR,42.20362,-121.71017,"Hotel and Motel Consultants,Lodging,Hotels,Motels,Hotels Motels,Hotel",Accommodation & Food Services,2,5.0
Sunshine Inn,Wall,SD,43.99136,-102.24139,"Hotels,Motels,Lodging,Hotels Motels,Hotel",Accommodation & Food Services,5,4.2
Best Western Tree City Inn,McMinnville,TN,35.68802,-85.76277,"Lodging,Hotels,Hotels Motels,Hotel",Accommodation & Food Services,1,5.0
Yakutat Lodge,Yakutat,AK,59.51068,-139.66888,"Hotels,Motels,Lodging,Hotel,Hotels Motels,Hotels & Motels",Accommodation & Food Services,1,5.0
Quality Inn Suites Airport,El Paso,TX,31.78694,-106.41275,"Hotels,Motels,Corporate Lodging,Hotels Motels,Hotel",Accommodation & Food Services,1,3.0
Econo Lodge Inn Suites Central,Medford,OR,42.31698,-122.86261,"Hotels,Lodging,Motels,Corporate Lodging,Hotel",Accommodation & Food Services,2,3.5
Extended Stay America Charlotte - Pineville - Pineville Matthews Rd.,Charlotte,NC,35.08754,-80.86142,"Hotels,Corporate Lodging,Hotels-Apartment,Lodging,Motels,Hotels Motels,Hotels & Motels,Hotel",Accommodation & Food Services,1,4.0
Mountain View Hotel,Killdeer,ND,47.37409,-102.75508,"Hotels,Lodging,Hotel,B&bs / Inns",Accommodation & Food Services,2,3.0
Comfort Inn Traverse City,Traverse City,MI,44.75914,-85.58099,"Hotels,Lodging,Corporate Lodging,Motels,Hotels Motels,Family-friendly Hotels,Business Hotels,Budget Hotels,Hotels & Motels,Hotel",Accommodation & Food Services,5,3.8
Ramada Plaza Albany,Albany,NY,42.68045,-73.783356,"Hotel,Hotels Motels,Family-friendly Hotels,Tourist Hotels,Business Hotels,Budget Hotels",Accommodation & Food Services,3,3.0
Pioneer Motel and Cottages,Cherokee,NC,35.50937,-83.31444,"Motels,Cottages,Lodging,Hotel,Hotels",Accommodation & Food Services,2,4.5
Marquee Suites,Lanesboro,MN,43.72242,-91.97672,"Motels,Lodging,Hotels Motels,Hotel,Hotels & Motels",Accommodation & Food Services,1,5.0
Hotel Stebbins,Algoma,WI,44.60907,-87.4366,"Hotels,Lodging,Motels,Hotel",Accommodation & Food Services,2,5.0
North Star Lodge,Killington,VT,43.65689,-72.78804,"Hotels,Resorts,Hotels Motels,Hotel",Accommodation & Food Services,2,4.5
Lyndon Motor Lodge,Lyndon,VT,44.514168,-72.01139,"Lodging,Rooming Houses,Hotels Motels,Hotels & Motels,Hotel",Accommodation & Food Services,2,4.5
Jen's Motel,Center Rutland,VT,43.59801,-73.02295,"Motels,Lodging,Hotels,Hotels Motels,Hotel",Accommodation & Food Services,1,1.0
Western Skies Motor Inn,Dalhart,TX,36.05976,-102.52154,"Lodging,Hotels,Motels,Hotels Motels,Hotel",Accommodation & Food Services,1,1.0
The Eleven Inn,Balmorhea,TX,30.98559,-103.74583,"Motels,Lodging,Hotels Motels,Hotel",Accommodation & Food Services,5,4.4
Bryce Canyon Motel,Panguitch,UT,37.82757,-112.43551,"Motels,Lodging,Hotels Motels,Hotel",Accommodation & Food Services,1,1.0
Hilton Garden Inn Phoenix Airport,Phoenix,AZ,33.41504,-112.0076,"Hotel,Hotels and motels,Hotels,Lodging,Hotel South Mountain",Accommodation & Food Services,2,5.0
Island Time Inn,Bradenton Beach,FL,27.46491,-82.69798,"Hotels and motels,Resorts,Hotels,Lodging,Motels,Hotel",Accommodation & Food Services,1,5.0
My Place Hotel-pasco Wa,Pasco,WA,46.249184,-119.104385,"Hotels and motels,Hotels,Lodging,Motels,Hotel",Accommodation & Food Services,4,4.0
Lamplight Motel,Lavallette,NJ,39.97708,-74.06784,"Hotels and motels,Hotels,Hotel,Lodging,Motels",Accommodation & Food Services,2,5.0
Sunset Motel,West Springfield,PA,41.9558,-80.4556,"Hotels and motels,Hotels Motels,Lodging,Budget Hotels,Corporate Lodging,Hotels,Hotel,Motels,B&bs / Inns,Hotels & Motels",Accommodation & Food Services,1,5.0
Wingate By Wyndham Erie,Erie,PA,42.04762,-80.0835,"Apartments,Hotels and motels,Hotel and motel reservations,Hotels,Corporate Lodging,Lodging,Hotels Motels,Business Hotels,Family-Friendly Hotels,Weekend Getaway Hotels,Hotels & Motels,Hotel",Accommodation & Food Services,11,4.181818181818182
Chateau Mar Beach Resort,Ormond Beach,FL,29.2789,-81.0334,"Hotels and motels,Hotel and motel reservations,Resorts,Hotels Motels,Hotels,Motels,Hotel",Accommodation & Food Services,1,3.0
Western Motel,Abilene,TX,32.4505,-99.7629,"Hotels and motels,Hotels Motels,Lodging,Hotel,Hotels,Motels",Accommodation & Food Services,1,4.0
Baymont Inn & Suites Goodlettsville,Goodlettsville,TN,36.32513,-86.70006,"Hotels and motels,Hotels,Hotel",Accommodation & Food Services,4,3.75
Red Roof Inn Dayton North Airport,Dayton,OH,39.8546,-84.1919,"Hotels and motels,Travel agencies and bureaus,Hotels Motels,Family-friendly Hotels,Travel Agencies,Extended Stay,Tourist Hotels,Weekend Getaway Hotels,Budget Hotels,Business Hotels,Hotel,Hotels",Accommodation & Food Services,11,2.5454545454545454
Royal Motel,Prairieville,LA,30.33599,-90.98923,"Hotels and motels,Hotel,Hotels",Accommodation & Food Services,2,1.0
Holiday Inn Express & Suites Lakeland North - I-4,Lakeland,FL,28.100626,-81.953212,"Hotels and motels,Hotel and motel reservations,Hotels Motels,Family-friendly Hotels,Tourist Hotels,Weekend Getaway Hotels,Resorts,Beach Hotels,Budget Hotels,Lodging,Business Hotels,Hotels & Motels,Hotel",Accommodation & Food Services,3,5.0
Inn At Turning Stone Casino,Verona,NY,43.12996,-75.581,"Casinos,Lodging,Hotels Motels,Hotel",Accommodation & Food Services,1,4.0
Best Western Sunland Park Inn,El Paso,TX,31.81416,-106.55447,"Hotels,Lodging,Hotels Motels,Hotel",Accommodation & Food Services,1,4.0
Best Western-edgewater Inn,Edgewater,FL,28.9734,-80.8977,"Hotel and motel mgmt.,Hotels and motels,Hotels Motels,Hotel",Accommodation & Food Services,1,4.0
Atlantic Cove,Ormond Beach,FL,29.27357,-81.03028,"Hotels and motels,Hotels,Lodging,Motels,Hotel",Accommodation & Food Services,4,4.0
Ramada Flagstaff East,Flagstaff,AZ,35.193768,-111.6216,"Hotels and motels,Hotels Motels,Budget Hotels,Business Hotels,Family-friendly Hotels,Tourist Hotels,Hotels & Motels,Hotels,Hotel",Accommodation & Food Services,5,3.2
Red Mill Inn,Lewes,DE,38.7642,-75.2114,"Hotels and motels,Hotel and motel reservations,Hotels Motels,Travel and Tourism,Lodging,Hotel,Motels",Accommodation & Food Services,1,3.0
Fieldhouse Inn,Kenedy,TX,28.816,-97.849,"Hotels and motels,Hotels Motels,Hotel,Electric Companies,Utility Companies",Utilities,1,5.0
Diamond Hotel,Wisconsin Dells,WI,43.60913,-89.790535,"Hotels and motels,Hotel",Accommodation & Food Services,1,1.0
Gateway Lodge,Cooksburg,PA,41.32329,-79.201515,"Hotels and motels,Hotel and motel reservations,Resorts,Hotel",Accommodation & Food Services,5,4.8
Relax Inn Altoona,Altoona,PA,40.58604,-78.32608,"Hotels and motels,Hotels Motels,Travel and Tourism,Hotel",Accommodation & Food Services,1,2.0
Holiday Inn Express White House,White House,TN,36.4666,-86.67885,"Hotels and motels,Hotel and Meeting Room,Hotel",Accommodation & Food Services,1,4.0
Best Western Plus-prairie Inn,Albany,OR,44.63158,-123.05812,"Hotel and motel mgmt.,Hotels and motels,Travel agencies and bureaus,Hotels,Lodging,Hotels Motels,Family-friendly Hotels,Travel Agencies,Budget Hotels,Business Hotels,Hotels & Motels,Hotel",Accommodation & Food Services,7,4.428571428571429
Best Western Dallas Inn & Suites,Dallas,OR,44.9314,-123.3101,"Hotel and motel mgmt.,Hotels and motels,Hotels Motels,Hotels,Lodging,Hotel",Accommodation & Food Services,1,5.0
Budget Inn Express-grand Forks,Grand Forks,ND,47.934478,-97.076757,"Hotels and motels,Hotels Motels,Family-friendly Hotels,Resorts,Business Hotels,Boutique Hotels,Lodging,Hotels & Motels,Hotel",Accommodation & Food Services,1,1.0
Thunderbird Motel,Elko,NV,40.831452,-115.764549,"Hotels and motels,Motels,Hotel",Accommodation & Food Services,2,4.0
Hampton Inn Atlanta-cumberland Mall/nw,Atlanta,GA,33.87719,-84.47343,"Hotels and motels,Hotels,Lodging,Corporate Lodging,Hotel",Accommodation & Food Services,7,4.0
Ramada Bozeman,Bozeman,MT,45.699,-111.0465,"Hotels and motels,Hotel and motel reservations,Hotels Motels,Family-friendly Hotels,Tourist Hotels,Business Hotels,Budget Hotels,Hotels,Hotels & Motels",Accommodation & Food Services,2,4.5
Ramada Urbana/champaign,Urbana,IL,40.13287,-88.22052,"Hotels and motels,Hotel and motel reservations,Hotels,Hotels Motels,Family-friendly Hotels,Tourist Hotels,Business Hotels,Budget Hotels,Travel & Transport,Hotels & Motels",Accommodation & Food Services,3,3.3333333333333335
Best Western Plus Independence Inn & Suites,Independence,IA,42.45113,-91.92133,"Hotel and motel mgmt.,Hotels and motels,Hotels,Lodging,Hotel,Hotels Motels",Accommodation & Food Services,1,5.0
Baymont Inn & Suites Celebration,Kissimmee,FL,28.337484,-81.591571,"Hotels and motels,Hotel,Hotels",Accommodation & Food Services,32,3.59375
Microtel Inn Suites by Wyndham Columbus/Near Fort Benning,Columbus,GA,32.44513,-84.9264,"Lodging,Hotels,Hotel",Accommodation & Food Services,10,3.9
High Point World Resort,Kissimmee,FL,28.335657,-81.58545,"Hotels and motels,Resorts,Hotel",Accommodation & Food Services,4,4.25
Baymont Inn & Suites Kissimmee,Kissimmee,FL,28.302862,-81.44759,"Hotels and motels,Hotel and motel reservations,Hotel,Hotels Motels,Budget Hotels,Hotels,Motel",Accommodation & Food Services,4,2.75
Mainstay Suites,Houma,LA,29.56927,-90.68337,"Hotels,Lodging,Hotel & Motel Reservations,Accommodations & Lodging,Hotels & Motels,Extended Stay Hotels,Motels,Hotel",Accommodation & Food Services,1,5.0
Best Western Airport Inn,Monroe,LA,32.49094,-92.05335,"Hotels,Lodging,Hotels Motels,Event Planning,Corporate Housing,Hotel,Motels",Accommodation & Food Services,4,4.0
Best Western Plus Skagit Valley Inn and Convention Center,Mount Vernon,WA,48.44237,-122.33638,"Hotels,Lodging,Banquet Halls and Reception Facilities,Hotels Motels,Hotel",Accommodation & Food Services,4,4.5
Koloa Landing Resort,Koloa,HI,21.908293,-159.47493,"Resorts,Skin Care,Massage Therapists,Hotels,Hotel",Accommodation & Food Services,2,2.0
Pomaika'i Lucky Farm BB,Captain Cook,HI,19.438604,-155.88747,"Lodging,Hotel,Hotels Motels,Hotels & Motels",Accommodation & Food Services,2,3.0
Falls Motel,Black River Falls,WI,44.2853,-90.83532,"Motels,Lodging,Hotels,Convention Services and Facilities,Hotels Motels,Conventions,Hotel,Hotels & Motels,Hotels and Motels",Accommodation & Food Services,1,5.0
Le Meridien Atlanta Perimeter,Atlanta,GA,33.9271,-84.3433,"Banquet facilities,Hotel and motel mgmt.,Hotels and motels,Restaurants,American restaurants,Hotels Motels,Lodging,Budget Hotels,Business Hotels,Family-friendly Hotels,Tourist Hotels,Luxury Hotels,Resorts,Hotel,Hotel, Hotel Bar, and Cocktail Bar Perimeter Center,Hotels",Accommodation & Food Services,11,4.2727272727272725
Kafka's Resort,Rhinelander,WI,45.61398,-89.34041,"Resorts,Lodging,Hotels Motels,Hotel",Accommodation & Food Services,1,4.0
Blue Harbor Resort,Sheboygan,WI,43.746857,-87.705215,"Hotels and motels,Resorts,Hotels Motels,Travel,Hotel",Accommodation & Food Services,10,4.3
Super 8 Vandalia/dayton International Airport,Vandalia,OH,39.8914,-84.1907,"Hotels and motels,Hotels Motels,Cable Internet,Budget Hotels,Hotels,Hotel",Accommodation & Food Services,4,3.25
Baymont Inn & Suites Springfield,Springfield,OH,39.8945,-83.8079,"Hotels and motels,Hotels Motels,Hotel,Hotels",Accommodation & Food Services,5,2.6
Wisconsin -Aire Motel,Random Lake,WI,43.5591,-87.9405,"Hotels and motels,Hotels Motels,Motels,Hotels,Lodging,Hotel",Accommodation & Food Services,1,4.0
Thompson's Motel Inc,Franklin,WV,38.655273,-79.33246,"Motels,Hotels,Lodging,Restaurants,Hotel",Accommodation & Food Services,1,5.0
"Country Inn Suites By Carlson, Princeton, WV",Princeton,WV,37.36525,-81.03982,"Hotels,Lodging,Hotels and motels,Hotel and motel reservations,Hotels Motels,Family-friendly Hotels,Budget Hotels,Hotel,Hotels & Motels",Accommodation & Food Services,3,3.6666666666666665
Kiowa Motel,Kiowa,KS,37.00895,-98.48913,"Motels,Lodging,Hotels Motels,Hotel,Hotels,Hotels & Motels",Accommodation & Food Services,1,5.0
Best Western Plus Midwest Inn Suites,Salina,KS,38.78318,-97.62036,"Hotels,Lodging,Hotels Motels,Corporate Housing,Hotel,Travel and Tourism",Accommodation & Food Services,6,4.333333333333333
Crooked Hook Resort,Mountain Home,AR,36.3363,-92.26112,"Resorts,Hotel,Resorts & Hotels",Accommodation & Food Services,1,5.0
The Hideout Lodge Guest Ranch,Shell,WY,44.53967,-107.7613,"Resorts,Hotels,Hotel",Accommodation & Food Services,2,5.0
Comfort Suites Redmond Airport,Redmond,OR,44.24363,-121.19353,"Hotels,Lodging,Corporate Lodging,Motels,Hotels and motels,Hotels Motels,Hotel,Hotels & Motels",Accommodation & Food Services,4,4.5
Indianhead Motel,Ironwood,MI,46.46296,-90.15438,"Motels,Hotels,Lodging,Hotels Motels,Hotels & Motels,Hotel",Accommodation & Food Services,4,4.25
West Street Hotel,Bar Harbor,ME,44.3909,-68.2066,"Hotels and motels,Hotels Motels,Luxury Hotels,Hotels,Lodging,Hotel,Motels",Accommodation & Food Services,5,4.8
Oxford Hotel,Bend,OR,44.0579,-121.3124,"Hotels and motels,Hotels Motels,Hotel",Accommodation & Food Services,5,5.0
Towpath Motel,Rochester,NY,43.1198,-77.5578,"Hotel and motel mgmt.,Hotels and motels,Hotels Motels,Family-friendly Hotels,Resorts,Business Hotels,Boutique Hotels,Lodging,Corporate Lodging,Hotels,Hotel,Motels",Accommodation & Food Services,2,4.0
Ocean Breeze Motel,Florence,OR,43.9475,-124.1037,"Hotels and motels,Hotel and motel reservations,Hotels Motels,Hotels,Hotel,Lodging,Bed & Breakfast & Inns,Motels",Accommodation & Food Services,2,4.0
Red Roof Inn & Suites Newark-university,Newark,DE,39.65012,-75.748398,"Hotels and motels,Hotel and motel reservations,Hotels Motels,Family-friendly Hotels,Tourist Hotels,Boutique Hotels,Budget Hotels,Business Hotels,Hotel,Hotels",Accommodation & Food Services,31,3.193548387096774
Holiday Inn Express & Suites Houston Space Ctr - Clear Lake,Webster,TX,29.5356,-95.14122,"Hotels and motels,Hotel and motel reservations,Hotel,Hotels Motels,Family-friendly Hotels,Tourist Hotels,Weekend Getaway Hotels,Resorts,Beach Hotels,Budget Hotels,Lodging,Business Hotels",Accommodation & Food Services,1,5.0
Buccaneer Beach Motel,Panama City,FL,30.15907,-85.66929,"Motels,Hotels,Hotel",Accommodation & Food Services,1,4.0
Hampton Inn Lexington Medical Center,Lexington,KY,38.01243,-84.51635,"Hotels,Lodging,Corporate Lodging,Hotel",Accommodation & Food Services,1,5.0
Motel 6 Cave City Ky,Cave City,KY,37.13337,-85.9731,"Hotels,Lodging,Motels,Hotel",Accommodation & Food Services,1,3.0
Hampton Inn Horse Cave,Horse Cave,KY,37.20476,-85.94012,"Hotels,Lodging,Corporate Lodging,Hotel",Accommodation & Food Services,7,3.7142857142857144
Parkview Motel,Corning,AR,36.41082,-90.59328,"Motels,Hotels,Lodging,Hotel,Travel & Lodging",Accommodation & Food Services,1,5.0
The Joy Motel,Eureka Springs,AR,36.39969,-93.74742,"Motels,Lodging,Hotels,Hotels Motels,Hotel",Accommodation & Food Services,1,1.0
Americas Best Value Inn Texarkana,Texarkana,AR,33.46506,-94.04165,"Hotels,Lodging,Motels,Hotel",Accommodation & Food Services,2,3.5
Springhill Suites Cincinnati Midtown,Cincinnati,OH,39.1169,-84.4974,"Hotels and motels,Hotel and motel reservations,Hotels Motels,Hotel,Hotel Walnut Hills",Accommodation & Food Services,1,5.0
Red Roof Inn Durham-duke University Medical Center,Durham,NC,36.02986,-78.92174,"Hotels and motels,Hotel",Accommodation & Food Services,5,3.2
Western Inn Motel,Billings,MT,45.780056,-108.5134,"Hotels and motels,Hotel and motel reservations,Hotels Motels,Travel Agencies,Hotel,Motels",Accommodation & Food Services,2,4.5
Hawthorn Suites By Wyndham Tyler,Tyler,TX,32.31305,-95.27633,"Hotels and motels,Hotel and motel reservations,Hotels,Lodging,Hotels Motels,Family-Friendly Hotels,Tourist Hotels,Luxury Hotels,Travel,Boutique Hotels,Budget Hotels,Hotel",Accommodation & Food Services,1,3.0
Hilton Garden Inn Charlotte Pineville,Pineville,NC,35.08215,-80.88229,"Hotels and motels,Hotels,Lodging,Hotel",Accommodation & Food Services,4,5.0
Red Roof Inn Boardman,Youngstown,OH,41.0196,-80.6331,"Hotels and motels,Hotels Motels,Family-friendly Hotels,Budget Hotels,Business Hotels,Hotel",Accommodation & Food Services,6,5.0
Homewood Suites By Hilton Raleigh-durham Ap/research Triangle,Durham,NC,35.88652,-78.84881,"Airports,Hotels and motels,Hotel",Accommodation & Food Services,3,4.0
Cinnamon Morning Bed & Breakfast,Albuquerque,NM,35.119835,-106.67516,"Bed and breakfast, inns, etc.,Hotels and motels,Hotels,Hotel",Accommodation & Food Services,1,5.0
Baymont Inn & Suites Bridgeport/frankenmuth,Bridgeport,MI,43.349243,-83.865616,"Hotels and motels,Hotels Motels,Hotels & Motels,Hotel",Accommodation & Food Services,4,3.25
Bluffside Motel,Sister Bay,WI,45.1875,-87.125,"Hotels and motels,Hotels Motels,Hotel,Motels,Lodging",Accommodation & Food Services,1,4.0
Royal Palm Motel,Tybee Island,GA,32.00162,-80.84593,"Hotels and motels,Hotel,Motels,Hotels,Lodging,Hotels Motels",Accommodation & Food Services,1,5.0
Hawthorn Suites By Wyndham Oshkosh,Oshkosh,WI,43.9809,-88.585,"Hotels and motels,Hotels Motels,Family-Friendly Hotels,Extended Stay,Tourist Hotels,Weekend Getaway Hotels,Apartment Hotels,Business Hotels,Hotels & Motels,Hotel",Accommodation & Food Services,2,4.0
La Quinta Inn Mcallen,McAllen,TX,26.19224,-98.23212,"Hotels and motels,Hotel and motel reservations,Hotels",Accommodation & Food Services,4,3.5
Comfort Suites-independence,Independence,MO,39.03705,-94.34757,"Hotels and motels,Hotel",Accommodation & Food Services,4,4.25
Days Inn Reading Wyomissing,Reading,PA,40.34626,-75.9661,"Hotels and motels,Hotels,Lodging,Motels,Hotels Motels,Hotel",Accommodation & Food Services,4,3.75
Ramada Medford Hotel And Conference Center,Medford,OR,42.3498,-122.8715,"Hotels and motels,Hotel and motel reservations,Hotel,Hotels Motels,Budget Hotels,Business Hotels,Family-friendly Hotels,Tourist Hotels,Hotels,Hotels & Motels",Accommodation & Food Services,9,3.2222222222222223
Residence Inn By Marriott Las Vegas South,Las Vegas,NV,36.0999,-115.1828,"Hotels and motels,Hotel and motel reservations,Hotels,Hotels Motels",Accommodation & Food Services,5,4.8
The Sea Lion Motel,Gloucester,MA,42.62524,-70.64056,"Hotels and motels,Hotel and motel reservations,Motels,Lodging,Hotels,Travel and Tourism,Hotel",Accommodation & Food Services,1,4.0
Holiday Inn Express & Suites Frankenmuth,Frankenmuth,MI,43.323566,-83.74079,"Hotels and motels,Hotel,Meeting Room,Hotels Motels,Family-friendly Hotels,Tourist Hotels,Weekend Getaway Hotels,Beach Hotels,Budget Hotels,Lodging,Business Hotels",Accommodation & Food Services,2,5.0
Days Inn Maui Oceanfront,Kƒ´hei,HI,20.704187,-156.445865,"Condominiums,Hotels and motels,Hotel and motel reservations,Hotels,Restaurant,American,Hotels Motels,Hotel,Hotels & Motels",Accommodation & Food Services,5,4.2
Howard Johnson Express Inn-beckley,Beckley,WV,37.7901,-81.2102,"Hotels and motels,Hotel and motel reservations,Hotels Motels,Family-friendly Hotels,Tourist Hotels,Business Hotels,Budget Hotels,Hotel,Hotels,Hotels & Motels",Accommodation & Food Services,3,3.0
Days Inn & Suites Spokane Airport Airway Heights,Airway Heights,WA,47.64428,-117.5762,"Hotels and motels,Lodging,Hotels,Motels,Hotel,Hotels Motels",Accommodation & Food Services,4,4.25
The Roosevelt Hotel,Seattle,WA,47.61251,-122.334435,"Hotel,Hotels",Accommodation & Food Services,3,4.333333333333333
Mamaroneck Motel,Mamaroneck,NY,40.94069,-73.74256,"Hotels and motels,Motels,Lodging,Hotels,Travel and Tourism,Hotel",Accommodation & Food Services,2,3.5
Days Inn & Suites Logan,Logan,UT,41.7407,-111.8348,"Hotels and motels,Hotels Motels,Family-Friendly Hotels,Business Hotels,Budget Hotels,Corporate Lodging,Hotels,Lodging,Motels,Hotel",Accommodation & Food Services,1,1.0
Hampton Inn Chicago Downtown/N Loop/Michigan Ave,Chicago,IL,41.886963,-87.62485,"Hotel,Hotel The Loop,Hotels",Accommodation & Food Services,7,3.857142857142857
Budget Host Inn,Wytheville,VA,36.946995,-81.05739,"Hotels and motels,Hotels Motels,Budget Hotels,Hotels,Hotels & Motels,Hotel",Accommodation & Food Services,5,3.8
Lake Allatoona Inn,Cartersville,GA,34.1132,-84.7152,"Hotels and motels,Hotel and motel reservations,Hotels Motels,Hotel",Accommodation & Food Services,1,2.0
Emerald Isle Hotel,Beaver Island,MI,45.74652,-85.52234,"Hotels and motels,Skiing equipment rental,Hotel",Accommodation & Food Services,2,4.0
Wyndham Garden Elk Grove Village/o'hare,Elk Grove Village,IL,42.01284,-87.94187,"Hotels and motels,Hotels,Lodging,Hotel",Accommodation & Food Services,1,1.0
Baymont Inn & Suites Crestview,Crestview,FL,30.72009,-86.56942,"Hotels and motels,Hotel and motel reservations,Hotels Motels,Hotel",Accommodation & Food Services,1,4.0
Hampton Inn & Suites Seattle/federal Way,Federal Way,WA,47.317158,-122.29799,"Hotels and motels,Hotel,Travel and Tourism",Accommodation & Food Services,5,5.0
Best Western Tolleson Hotel,Tolleson,AZ,33.46514,-112.24111,"Hotels,Lodging,Hotel,Hotels Motels",Accommodation & Food Services,1,5.0
Fairfield Inn and Suites Asheboro,Asheboro,NC,35.695904,-79.79509,"Hotel,Travel and Tourism,Hotels,Hotels and Lodging,Motels",Accommodation & Food Services,1,5.0
Courtyard Richland Columbia Point,Richland,WA,46.264046,-119.252464,"Hotel,Hotel and Meeting Room,Hotels Motels",Accommodation & Food Services,3,3.3333333333333335
Days Inn & Suites Trinidad,Trinidad,CO,37.16165,-104.51319,"Hotels & Motels,Hotel",Accommodation & Food Services,4,4.5
Courtyard Boston Marlborough,Marlborough,MA,42.343487,-71.577736,"Hotel,Corporate Lodging,Hotels,Lodging,Motels",Accommodation & Food Services,1,4.0
"Country Inn & Suites By Carlson, Prairie du Chien",Prairie du Chien,WI,43.07589,-91.13947,"Hotel,Family-Friendly Hotels,Budget Hotels,Hotels & Motels",Accommodation & Food Services,1,4.0
Courtyard Santa Fe,Santa Fe,NM,35.64962,-106.00272,"Hotel,Hotels Motels",Accommodation & Food Services,6,3.6666666666666665
Circle D Motel,Escalante,UT,37.77001,-111.60876,"Hotel,Motels,Hotels,Lodging",Accommodation & Food Services,8,4.5
Blue Gables Motel,Buffalo,WY,44.35537,-106.6993,"Hotel,Hotels Motels,Hotels & Motels",Accommodation & Food Services,2,4.5
Candlelight Inn Bed & Breakfast,Ronks,PA,40.020752,-76.18583,"Hotel,Hotels,Food & Entertainment",Accommodation & Food Services,4,4.0
Cannon Mountain View Motel,Franconia,NH,44.2226,-71.73549,"Hotel,Hotels,Lodging,Motels",Accommodation & Food Services,3,2.3333333333333335
Brewster By The Sea,Brewster,MA,41.75069,-70.12027,"Hotel,Hotels",Accommodation & Food Services,5,5.0
Budget Inn Motel,Herkimer,NY,43.0183,-74.9926,"Hotel,Hotels Motels,Budget Hotels,Hotels & Motels",Accommodation & Food Services,1,1.0
Best Western Pinedale Inn,Pinedale,WY,42.86604,-109.87216,"Hotel,Hotels Motels,Travel and Tourism,Hotels & Motels",Accommodation & Food Services,1,4.0
Birch Bay Get Away,Blaine,WA,48.937325,-122.752426,"Hotel,Cottages Cabins,Hotels Motels",Accommodation & Food Services,3,4.666666666666667
Best Western Continental Inn,El Cajon,CA,32.80371,-116.9519,"Hotels,Hotel",Accommodation & Food Services,11,2.727272727272727
Best Western Governors Inn & Suites,Wichita,KS,37.60937,-97.32977,"Hotel,Hotels,Lodging",Accommodation & Food Services,3,3.6666666666666665
Best Western Inn of Chandler,Chandler,AZ,33.31974,-111.8424,"Hotels,Lodging,Hotel,Hotels Motels,Corporate Housing,Travel and Tourism",Accommodation & Food Services,1,4.0
Six South St Hotel,Hanover,NH,43.70015,-72.28886,"Hotel,Hotels and motels,Hotels Motels,Hotels & Motels",Accommodation & Food Services,2,4.5
SpringHill Suites Boise,Boise,ID,43.662285,-116.335304,"Hotel,Hotels Motels,Hotels-Apartment,Corporate Lodging,Hotel and Resort,Hotels,Hotels & Motels,Lodging,Motels",Accommodation & Food Services,1,5.0
Silver Sands Oceanfront Motel,Rockaway Beach,OR,45.61126,-123.94556,"Hotel,Hotels,Lodging,Motels",Accommodation & Food Services,2,4.0
Sandy Neck Motel,East Sandwich,MA,41.72939,-70.39925,"Hotel,Hotels",Accommodation & Food Services,1,4.0
Shilo Inn Suites - Coeur d'Alene,Coeur d'Alene,ID,47.69993,-116.7969,"Hotel,Hotel, Motel, and Building,Hotels,Lodging,Resorts",Accommodation & Food Services,1,4.0
Scottish Inn,Jackson,TN,35.66639,-88.83012,"Hotel,Hotels Motels,Budget Hotels,Hotels & Motels",Accommodation & Food Services,1,1.0
Royal Suite Lodge,Anchorage,AK,61.18531,-149.912,"Hotel,Motels,Lodging,Hotels,Hotels and Motels",Accommodation & Food Services,1,1.0
